,Date,Frequency,Movie
0,2014-07-30,41,명량
1,2014-07-31,39,명량
2,2014-08-01,44,명량
3,2014-08-02,59,명량
4,2014-08-03,49,명량
5,2014-08-04,41,명량
6,2014-08-05,47,명량
7,2014-08-06,42,해적
8,2014-08-07,39,해적
9,2014-08-08,41,해적
10,2014-08-09,39,해적
11,2014-08-10,38,해적
12,2014-08-11,47,해적
13,2014-08-12,43,해적
14,2014-01-22,33,수상한 그녀
15,2014-01-23,39,수상한 그녀
16,2014-01-24,36,수상한 그녀
17,2014-01-25,40,수상한 그녀
18,2014-01-26,40,수상한 그녀
19,2014-01-27,36,수상한 그녀
20,2014-01-28,40,수상한 그녀
21,2014-12-17,33,국제시장
22,2014-12-18,37,국제시장
23,2014-12-19,41,국제시장
24,2014-12-20,24,국제시장
25,2014-12-21,36,국제시장
26,2014-12-22,39,국제시장
27,2014-12-23,41,국제시장
28,2014-07-23,40,군도
29,2014-07-24,40,군도
30,2014-07-25,40,군도
31,2014-07-26,41,군도
32,2014-07-27,40,군도
33,2014-07-28,37,군도
34,2014-07-29,40,군도
35,2014-09-03,35,타짜
36,2014-09-04,38,타짜
37,2014-09-05,38,타짜
38,2014-09-06,31,타짜
39,2014-09-07,38,타짜
40,2014-09-08,41,타짜
41,2014-09-09,40,타짜
42,2014-04-30,37,역린
43,2014-05-01,40,역린
44,2014-05-02,40,역린
45,2014-05-03,35,역린
46,2014-05-04,36,역린
47,2014-05-05,42,역린
48,2014-05-06,44,역린
49,2014-07-03,20,신의 한 수
50,2014-07-04,13,신의 한 수
51,2014-07-05,18,신의 한 수
52,2014-07-06,16,신의 한 수
53,2014-07-07,25,신의 한 수
54,2014-07-08,11,신의 한 수
55,2014-07-09,12,신의 한 수
56,2014-05-29,20,끝까지 간다
57,2014-05-30,33,끝까지 간다
58,2014-05-31,32,끝까지 간다
59,2014-06-01,40,끝까지 간다
60,2014-06-02,31,끝까지 간다
61,2014-06-03,34,끝까지 간다
62,2014-06-04,29,끝까지 간다
63,2014-04-30,39,표적
64,2014-05-01,42,표적
65,2014-05-02,35,표적
66,2014-05-03,37,표적
67,2014-05-04,36,표적
68,2014-05-05,41,표적
69,2014-05-06,31,표적
70,2014-10-08,33,나의 사랑 나의 신부
71,2014-10-09,27,나의 사랑 나의 신부
72,2014-10-10,38,나의 사랑 나의 신부
73,2014-10-11,20,나의 사랑 나의 신부
74,2014-10-12,15,나의 사랑 나의 신부
75,2014-10-13,24,나의 사랑 나의 신부
76,2014-10-14,26,나의 사랑 나의 신부
77,2014-01-22,38,남자가 사랑할 때
78,2014-01-23,32,남자가 사랑할 때
79,2014-01-24,24,남자가 사랑할 때
80,2014-01-25,39,남자가 사랑할 때
81,2014-01-26,33,남자가 사랑할 때
82,2014-01-27,30,남자가 사랑할 때
83,2014-01-28,21,남자가 사랑할 때
84,2014-12-24,37,기술자들
85,2014-12-25,36,기술자들
86,2014-12-26,33,기술자들
87,2014-12-27,40,기술자들
88,2014-12-28,30,기술자들
89,2014-12-29,40,기술자들
90,2014-12-30,36,기술자들
91,2014-10-02,41,제보자
92,2014-10-03,43,제보자
93,2014-10-04,36,제보자
94,2014-10-05,42,제보자
95,2014-10-06,30,제보자
96,2014-10-07,42,제보자
97,2014-10-08,41,제보자
98,2014-01-22,33,피끓는 청춘
99,2014-01-23,36,피끓는 청춘
100,2014-01-24,28,피끓는 청춘
101,2014-01-25,28,피끓는 청춘
102,2014-01-26,22,피끓는 청춘
103,2014-01-27,35,피끓는 청춘
104,2014-01-28,23,피끓는 청춘
105,2014-09-03,39,두근두근 내 인생
106,2014-09-04,26,두근두근 내 인생
107,2014-09-05,18,두근두근 내 인생
108,2014-09-06,31,두근두근 내 인생
109,2014-09-07,18,두근두근 내 인생
110,2014-09-08,24,두근두근 내 인생
111,2014-09-09,28,두근두근 내 인생
112,2014-03-13,36,우아한 거짓말
113,2014-03-14,28,우아한 거짓말
114,2014-03-15,31,우아한 거짓말
115,2014-03-16,27,우아한 거짓말
116,2014-03-17,37,우아한 거짓말
117,2014-03-18,29,우아한 거짓말
118,2014-03-19,29,우아한 거짓말
119,2014-08-13,55,해무
120,2014-08-14,47,해무
121,2014-08-15,39,해무
122,2014-08-16,47,해무
123,2014-08-17,46,해무
124,2014-08-18,37,해무
125,2014-08-19,43,해무
126,2014-05-14,48,인간중독
127,2014-05-15,36,인간중독
128,2014-05-16,32,인간중독
129,2014-05-17,27,인간중독
130,2014-05-18,43,인간중독
131,2014-05-19,36,인간중독
132,2014-05-20,33,인간중독
133,2014-02-20,27,찌라시
134,2014-02-21,18,찌라시
135,2014-02-22,15,찌라시
136,2014-02-23,18,찌라시
137,2014-02-24,9,찌라시
138,2014-02-25,4,찌라시
139,2014-02-26,2,찌라시
140,2014-11-27,41,빅매치
141,2014-11-28,39,빅매치
142,2014-11-29,35,빅매치
143,2014-11-30,33,빅매치
144,2014-12-01,38,빅매치
145,2014-12-02,19,빅매치
146,2014-12-03,13,빅매치
147,2014-10-02,40,슬로우 비디오
148,2014-10-03,40,슬로우 비디오
149,2014-10-04,42,슬로우 비디오
150,2014-10-05,42,슬로우 비디오
151,2014-10-06,39,슬로우 비디오
152,2014-10-07,34,슬로우 비디오
153,2014-10-08,29,슬로우 비디오
154,2014-04-10,37,방황하는 칼날
155,2014-04-11,38,방황하는 칼날
156,2014-04-12,24,방황하는 칼날
157,2014-04-13,31,방황하는 칼날
158,2014-04-14,33,방황하는 칼날
159,2014-04-15,28,방황하는 칼날
160,2014-04-16,24,방황하는 칼날
161,2014-10-23,54,우리는 형제입니다
162,2014-10-24,39,우리는 형제입니다
163,2014-10-25,37,우리는 형제입니다
164,2014-10-26,51,우리는 형제입니다
165,2014-10-27,20,우리는 형제입니다
166,2014-10-28,9,우리는 형제입니다
167,2014-10-29,16,우리는 형제입니다
168,2014-11-13,44,카트
169,2014-11-14,44,카트
170,2014-11-15,54,카트
171,2014-11-16,40,카트
172,2014-11-17,38,카트
173,2014-11-18,40,카트
174,2014-11-19,34,카트
175,2014-02-13,24,관능의 법칙
176,2014-02-14,24,관능의 법칙
177,2014-02-15,17,관능의 법칙
178,2014-02-16,20,관능의 법칙
179,2014-02-17,21,관능의 법칙
180,2014-02-18,10,관능의 법칙
181,2014-02-19,15,관능의 법칙
182,2014-12-24,36,상의원
183,2014-12-25,19,상의원
184,2014-12-26,29,상의원
185,2014-12-27,40,상의원
186,2014-12-28,27,상의원
187,2014-12-29,30,상의원
188,2014-12-30,30,상의원
189,2014-01-09,26,플랜맨
190,2014-01-10,30,플랜맨
191,2014-01-11,36,플랜맨
192,2014-01-12,32,플랜맨
193,2014-01-13,17,플랜맨
194,2014-01-14,19,플랜맨
195,2014-01-15,9,플랜맨
196,2014-06-04,31,우는 남자
197,2014-06-05,35,우는 남자
198,2014-06-06,7,우는 남자
199,2014-06-07,9,우는 남자
200,2014-06-08,11,우는 남자
201,2014-06-09,13,우는 남자
202,2014-06-10,9,우는 남자
203,2014-11-06,39,패션왕
204,2014-11-07,30,패션왕
205,2014-11-08,39,패션왕
206,2014-11-09,33,패션왕
207,2014-11-10,26,패션왕
208,2014-11-11,11,패션왕
209,2014-11-12,25,패션왕
210,2014-06-11,26,황제를 위하여
211,2014-06-12,33,황제를 위하여
212,2014-06-13,29,황제를 위하여
213,2014-06-14,22,황제를 위하여
214,2014-06-15,13,황제를 위하여
215,2014-06-16,19,황제를 위하여
216,2014-06-17,16,황제를 위하여
217,2014-03-13,39,몬스터
218,2014-03-14,30,몬스터
219,2014-03-15,35,몬스터
220,2014-03-16,32,몬스터
221,2014-03-17,29,몬스터
222,2014-03-18,18,몬스터
223,2014-03-19,17,몬스터
224,2014-02-06,52,또 하나의 약속
225,2014-02-07,40,또 하나의 약속
226,2014-02-08,38,또 하나의 약속
227,2014-02-09,48,또 하나의 약속
228,2014-02-10,45,또 하나의 약속
229,2014-02-11,43,또 하나의 약속
230,2014-02-12,38,또 하나의 약속
231,2014-07-02,14,소녀괴담
232,2014-07-03,22,소녀괴담
233,2014-07-04,25,소녀괴담
234,2014-07-05,26,소녀괴담
235,2014-07-06,14,소녀괴담
236,2014-07-07,12,소녀괴담
237,2014-07-08,11,소녀괴담
238,2014-01-29,24,조선미녀삼총사
239,2014-01-30,13,조선미녀삼총사
240,2014-01-31,10,조선미녀삼총사
241,2014-02-01,15,조선미녀삼총사
242,2014-02-02,25,조선미녀삼총사
243,2014-02-03,22,조선미녀삼총사
244,2014-02-04,17,조선미녀삼총사
245,2014-10-02,14,마담 뺑덕
246,2014-10-03,10,마담 뺑덕
247,2014-10-04,7,마담 뺑덕
248,2014-10-05,5,마담 뺑덕
249,2014-10-06,8,마담 뺑덕
250,2014-10-07,8,마담 뺑덕
251,2014-10-08,3,마담 뺑덕
252,2014-07-10,27,좋은 친구들
253,2014-07-11,27,좋은 친구들
254,2014-07-12,22,좋은 친구들
255,2014-07-13,25,좋은 친구들
256,2014-07-14,16,좋은 친구들
257,2014-07-15,12,좋은 친구들
258,2014-07-16,11,좋은 친구들
259,2014-10-30,31,나의 독재자
260,2014-10-31,38,나의 독재자
261,2014-11-01,38,나의 독재자
262,2014-11-02,29,나의 독재자
263,2014-11-03,12,나의 독재자
264,2014-11-04,15,나의 독재자
265,2014-11-05,5,나의 독재자
266,2014-06-03,50,하이힐
267,2014-06-04,33,하이힐
268,2014-06-05,26,하이힐
269,2014-06-06,15,하이힐
270,2014-06-07,32,하이힐
271,2014-06-08,31,하이힐
272,2014-06-09,24,하이힐
273,2014-10-23,30,레드카펫
274,2014-10-24,20,레드카펫
275,2014-10-25,19,레드카펫
276,2014-10-26,27,레드카펫
277,2014-10-27,26,레드카펫
278,2014-10-28,14,레드카펫
279,2014-10-29,32,레드카펫
280,2014-12-04,22,덕수리 5형제
281,2014-12-05,4,덕수리 5형제
282,2014-12-06,7,덕수리 5형제
283,2014-12-07,3,덕수리 5형제
284,2014-12-08,5,덕수리 5형제
285,2014-12-09,9,덕수리 5형제
286,2014-12-10,35,덕수리 5형제
287,2014-11-20,20,아빠를 빌려드립니다
288,2014-11-21,4,아빠를 빌려드립니다
289,2014-11-22,9,아빠를 빌려드립니다
290,2014-11-23,1,아빠를 빌려드립니다
291,2014-11-24,2,아빠를 빌려드립니다
292,2014-11-25,4,아빠를 빌려드립니다
293,2014-11-26,10,아빠를 빌려드립니다
294,2014-04-10,30,가시
295,2014-04-11,33,가시
296,2014-04-12,35,가시
297,2014-04-13,20,가시
298,2014-04-14,27,가시
299,2014-04-15,16,가시
300,2014-04-16,11,가시
301,2014-10-08,38,맨홀
302,2014-10-09,36,맨홀
303,2014-10-10,28,맨홀
304,2014-10-11,34,맨홀
305,2014-10-12,9,맨홀
306,2014-10-13,8,맨홀
307,2014-10-14,6,맨홀
308,2014-08-20,0,터널 3D
309,2014-08-21,0,터널 3D
310,2014-08-22,0,터널 3D
311,2014-08-23,0,터널 3D
312,2014-08-24,0,터널 3D
313,2014-08-25,0,터널 3D
314,2014-08-26,0,터널 3D
315,2014-09-18,10,설계
316,2014-09-19,5,설계
317,2014-09-20,3,설계
318,2014-09-21,4,설계
319,2014-09-22,3,설계
320,2014-09-23,1,설계
321,2014-09-24,2,설계
322,2014-04-03,16,백프로
323,2014-04-04,14,백프로
324,2014-04-05,18,백프로
325,2014-04-06,15,백프로
326,2014-04-07,19,백프로
327,2014-04-08,13,백프로
328,2014-04-09,8,백프로
329,2015-08-05,49,베테랑
330,2015-08-06,41,베테랑
331,2015-08-07,41,베테랑
332,2015-08-08,46,베테랑
333,2015-08-09,39,베테랑
334,2015-08-10,40,베테랑
335,2015-08-11,40,베테랑
336,2015-07-22,40,암살
337,2015-07-23,41,암살
338,2015-07-24,40,암살
339,2015-07-25,41,암살
340,2015-07-26,40,암살
341,2015-07-27,59,암살
342,2015-07-28,37,암살
343,2015-11-19,36,내부자들
344,2015-11-20,36,내부자들
345,2015-11-21,41,내부자들
346,2015-11-22,38,내부자들
347,2015-11-23,40,내부자들
348,2015-11-24,35,내부자들
349,2015-11-25,37,내부자들
350,2015-09-16,38,사도
351,2015-09-17,40,사도
352,2015-09-18,41,사도
353,2015-09-19,39,사도
354,2015-09-20,49,사도
355,2015-09-21,40,사도
356,2015-09-22,37,사도
357,2015-06-24,47,연평해전
358,2015-06-25,41,연평해전
359,2015-06-26,41,연평해전
360,2015-06-27,42,연평해전
361,2015-06-28,41,연평해전
362,2015-06-29,42,연평해전
363,2015-06-30,40,연평해전
364,2015-11-05,40,검은 사제들
365,2015-11-06,42,검은 사제들
366,2015-11-07,41,검은 사제들
367,2015-11-08,39,검은 사제들
368,2015-11-09,36,검은 사제들
369,2015-11-10,41,검은 사제들
370,2015-11-11,31,검은 사제들
371,2015-12-16,30,히말라야
372,2015-12-17,38,히말라야
373,2015-12-18,37,히말라야
374,2015-12-19,34,히말라야
375,2015-12-20,39,히말라야
376,2015-12-21,39,히말라야
377,2015-12-22,35,히말라야
378,2015-02-11,29,조선명탐정
379,2015-02-12,21,조선명탐정
380,2015-02-13,24,조선명탐정
381,2015-02-14,30,조선명탐정
382,2015-02-15,16,조선명탐정
383,2015-02-16,18,조선명탐정
384,2015-02-17,31,조선명탐정
385,2015-03-25,44,스물
386,2015-03-26,41,스물
387,2015-03-27,38,스물
388,2015-03-28,52,스물
389,2015-03-29,48,스물
390,2015-03-30,41,스물
391,2015-03-31,37,스물
392,2015-06-18,38,극비수사
393,2015-06-19,34,극비수사
394,2015-06-20,37,극비수사
395,2015-06-21,30,극비수사
396,2015-06-22,38,극비수사
397,2015-06-23,27,극비수사
398,2015-06-24,27,극비수사
399,2015-09-24,21,탐정
400,2015-09-25,35,탐정
401,2015-09-26,35,탐정
402,2015-09-27,36,탐정
403,2015-09-28,38,탐정
404,2015-09-29,37,탐정
405,2015-09-30,33,탐정
406,2015-05-14,25,악의 연대기
407,2015-05-15,34,악의 연대기
408,2015-05-16,30,악의 연대기
409,2015-05-17,36,악의 연대기
410,2015-05-18,13,악의 연대기
411,2015-05-19,29,악의 연대기
412,2015-05-20,15,악의 연대기
413,2015-01-21,39,강남 1970
414,2015-01-22,39,강남 1970
415,2015-01-23,19,강남 1970
416,2015-01-24,20,강남 1970
417,2015-01-25,26,강남 1970
418,2015-01-26,33,강남 1970
419,2015-01-27,27,강남 1970
420,2015-08-20,24,뷰티 인사이드
421,2015-08-21,14,뷰티 인사이드
422,2015-08-22,10,뷰티 인사이드
423,2015-08-23,20,뷰티 인사이드
424,2015-08-24,17,뷰티 인사이드
425,2015-08-25,15,뷰티 인사이드
426,2015-08-26,11,뷰티 인사이드
427,2015-01-14,39,오늘의 연애
428,2015-01-15,40,오늘의 연애
429,2015-01-16,15,오늘의 연애
430,2015-01-17,35,오늘의 연애
431,2015-01-18,36,오늘의 연애
432,2015-01-19,34,오늘의 연애
433,2015-01-20,28,오늘의 연애
434,2015-02-05,40,쎄시봉
435,2015-02-06,40,쎄시봉
436,2015-02-07,40,쎄시봉
437,2015-02-08,22,쎄시봉
438,2015-02-09,24,쎄시봉
439,2015-02-10,29,쎄시봉
440,2015-02-11,31,쎄시봉
441,2015-10-22,21,더 폰
442,2015-10-23,36,더 폰
443,2015-10-24,32,더 폰
444,2015-10-25,22,더 폰
445,2015-10-26,22,더 폰
446,2015-10-27,9,더 폰
447,2015-10-28,18,더 폰
448,2015-12-16,50,대호
449,2015-12-17,41,대호
450,2015-12-18,44,대호
451,2015-12-19,44,대호
452,2015-12-20,51,대호
453,2015-12-21,42,대호
454,2015-12-22,56,대호
455,2015-04-29,41,차이나타운
456,2015-04-30,35,차이나타운
457,2015-05-01,38,차이나타운
458,2015-05-02,39,차이나타운
459,2015-05-03,40,차이나타운
460,2015-05-04,35,차이나타운
461,2015-05-05,32,차이나타운
462,2015-04-09,37,장수상회
463,2015-04-10,36,장수상회
464,2015-04-11,37,장수상회
465,2015-04-12,39,장수상회
466,2015-04-13,34,장수상회
467,2015-04-14,31,장수상회
468,2015-04-15,24,장수상회
469,2015-10-08,18,성난 변호사
470,2015-10-09,24,성난 변호사
471,2015-10-10,13,성난 변호사
472,2015-10-11,20,성난 변호사
473,2015-10-12,12,성난 변호사
474,2015-10-13,16,성난 변호사
475,2015-10-14,15,성난 변호사
476,2015-05-21,38,간신
477,2015-05-22,41,간신
478,2015-05-23,46,간신
479,2015-05-24,42,간신
480,2015-05-25,40,간신
481,2015-05-26,24,간신
482,2015-05-27,31,간신
483,2015-10-28,38,그놈이다
484,2015-10-29,19,그놈이다
485,2015-10-30,34,그놈이다
486,2015-10-31,29,그놈이다
487,2015-11-01,24,그놈이다
488,2015-11-02,19,그놈이다
489,2015-11-03,19,그놈이다
490,2015-08-13,36,미쓰 와이프
491,2015-08-14,34,미쓰 와이프
492,2015-08-15,37,미쓰 와이프
493,2015-08-16,43,미쓰 와이프
494,2015-08-17,31,미쓰 와이프
495,2015-08-18,37,미쓰 와이프
496,2015-08-19,32,미쓰 와이프
497,2015-01-14,34,허삼관
498,2015-01-15,23,허삼관
499,2015-01-16,40,허삼관
500,2015-01-17,39,허삼관
501,2015-01-18,36,허삼관
502,2015-01-19,27,허삼관
503,2015-01-20,27,허삼관
504,2015-03-12,36,살인의뢰
505,2015-03-13,33,살인의뢰
506,2015-03-14,26,살인의뢰
507,2015-03-15,22,살인의뢰
508,2015-03-16,27,살인의뢰
509,2015-03-17,14,살인의뢰
510,2015-03-18,19,살인의뢰
511,2015-07-09,33,손님
512,2015-07-10,38,손님
513,2015-07-11,39,손님
514,2015-07-12,33,손님
515,2015-07-13,34,손님
516,2015-07-14,24,손님
517,2015-07-15,27,손님
518,2015-11-25,17,열정같은소리하고있네
519,2015-11-26,17,열정같은소리하고있네
520,2015-11-27,12,열정같은소리하고있네
521,2015-11-28,13,열정같은소리하고있네
522,2015-11-29,20,열정같은소리하고있네
523,2015-11-30,7,열정같은소리하고있네
524,2015-12-01,8,열정같은소리하고있네
525,2015-10-22,21,특종
526,2015-10-23,36,특종
527,2015-10-24,37,특종
528,2015-10-25,36,특종
529,2015-10-26,12,특종
530,2015-10-27,14,특종
531,2015-10-28,14,특종
532,2015-09-24,37,서부전선
533,2015-09-25,36,서부전선
534,2015-09-26,17,서부전선
535,2015-09-27,21,서부전선
536,2015-09-28,21,서부전선
537,2015-09-29,18,서부전선
538,2015-09-30,19,서부전선
539,2015-03-05,10,헬머니
540,2015-03-06,9,헬머니
541,2015-03-07,11,헬머니
542,2015-03-08,7,헬머니
543,2015-03-09,8,헬머니
544,2015-03-10,7,헬머니
545,2015-03-11,7,헬머니
546,2015-04-29,14,위험한 상견례 2
547,2015-04-30,5,위험한 상견례 2
548,2015-05-01,3,위험한 상견례 2
549,2015-05-02,7,위험한 상견례 2
550,2015-05-03,10,위험한 상견례 2
551,2015-05-04,8,위험한 상견례 2
552,2015-05-05,6,위험한 상견례 2
553,2015-03-05,35,순수의 시대
554,2015-03-06,23,순수의 시대
555,2015-03-07,26,순수의 시대
556,2015-03-08,20,순수의 시대
557,2015-03-09,13,순수의 시대
558,2015-03-10,10,순수의 시대
559,2015-03-11,11,순수의 시대
560,2015-09-03,38,오피스
561,2015-09-04,20,오피스
562,2015-09-05,40,오피스
563,2015-09-06,39,오피스
564,2015-09-07,18,오피스
565,2015-09-08,13,오피스
566,2015-09-09,21,오피스
567,2015-08-13,32,"협녀, 칼의 기억"
568,2015-08-14,21,"협녀, 칼의 기억"
569,2015-08-15,30,"협녀, 칼의 기억"
570,2015-08-16,12,"협녀, 칼의 기억"
571,2015-08-17,11,"협녀, 칼의 기억"
572,2015-08-18,12,"협녀, 칼의 기억"
573,2015-08-19,15,"협녀, 칼의 기억"
574,2015-05-27,38,무뢰한
575,2015-05-28,40,무뢰한
576,2015-05-29,28,무뢰한
577,2015-05-30,39,무뢰한
578,2015-05-31,35,무뢰한
579,2015-06-01,38,무뢰한
580,2015-06-02,19,무뢰한
581,2015-01-28,27,내 심장을 쏴라
582,2015-01-29,19,내 심장을 쏴라
583,2015-01-30,15,내 심장을 쏴라
584,2015-01-31,15,내 심장을 쏴라
585,2015-02-01,12,내 심장을 쏴라
586,2015-02-02,16,내 심장을 쏴라
587,2015-02-03,7,내 심장을 쏴라
588,2015-06-24,38,소수의견
589,2015-06-25,34,소수의견
590,2015-06-26,41,소수의견
591,2015-06-27,42,소수의견
592,2015-06-28,41,소수의견
593,2015-06-29,40,소수의견
594,2015-06-30,32,소수의견
595,2015-06-18,40,경성학교
596,2015-06-19,39,경성학교
597,2015-06-20,39,경성학교
598,2015-06-21,38,경성학교
599,2015-06-22,25,경성학교
600,2015-06-23,27,경성학교
601,2015-06-24,20,경성학교
602,2015-08-27,25,치외법권
603,2015-08-28,16,치외법권
604,2015-08-29,14,치외법권
605,2015-08-30,9,치외법권
606,2015-08-31,9,치외법권
607,2015-09-01,6,치외법권
608,2015-09-02,9,치외법권
609,2015-12-03,10,극적인 하룻밤
610,2015-12-04,3,극적인 하룻밤
611,2015-12-05,1,극적인 하룻밤
612,2015-12-06,4,극적인 하룻밤
613,2015-12-07,2,극적인 하룻밤
614,2015-12-08,2,극적인 하룻밤
615,2015-12-09,5,극적인 하룻밤
616,2015-11-25,39,도리화가
617,2015-11-26,22,도리화가
618,2015-11-27,25,도리화가
619,2015-11-28,24,도리화가
620,2015-11-29,34,도리화가
621,2015-11-30,20,도리화가
622,2015-12-01,14,도리화가
623,2015-09-10,17,함정
624,2015-09-11,15,함정
625,2015-09-12,14,함정
626,2015-09-13,16,함정
627,2015-09-14,8,함정
628,2015-09-15,11,함정
629,2015-09-16,6,함정
630,2015-12-30,40,조선마술사
631,2015-12-31,28,조선마술사
632,2016-01-01,31,조선마술사
633,2016-01-02,38,조선마술사
634,2016-01-03,21,조선마술사
635,2016-01-04,6,조선마술사
636,2016-01-05,10,조선마술사
637,2015-05-07,38,연애의 맛
638,2015-05-08,34,연애의 맛
639,2015-05-09,39,연애의 맛
640,2015-05-10,38,연애의 맛
641,2015-05-11,41,연애의 맛
642,2015-05-12,40,연애의 맛
643,2015-05-13,7,연애의 맛
644,2015-12-31,39,내부자들
645,2016-01-01,36,내부자들
646,2016-01-02,40,내부자들
647,2016-01-03,40,내부자들
648,2016-01-04,39,내부자들
649,2016-01-05,28,내부자들
650,2016-01-06,30,내부자들
651,2015-06-04,26,은밀한 유혹
652,2015-06-05,11,은밀한 유혹
653,2015-06-06,7,은밀한 유혹
654,2015-06-07,10,은밀한 유혹
655,2015-06-08,9,은밀한 유혹
656,2015-06-09,3,은밀한 유혹
657,2015-06-10,12,은밀한 유혹
658,2015-06-25,19,나의 절친 악당들
659,2015-06-26,16,나의 절친 악당들
660,2015-06-27,8,나의 절친 악당들
661,2015-06-28,3,나의 절친 악당들
662,2015-06-29,6,나의 절친 악당들
663,2015-06-30,5,나의 절친 악당들
664,2015-07-01,6,나의 절친 악당들
665,2015-08-20,15,퇴마
666,2015-08-21,5,퇴마
667,2015-08-22,7,퇴마
668,2015-08-23,7,퇴마
669,2015-08-24,5,퇴마
670,2015-08-25,5,퇴마
671,2015-08-26,2,퇴마
672,2015-10-22,22,돌연변이
673,2015-10-23,22,돌연변이
674,2015-10-24,20,돌연변이
675,2015-10-25,17,돌연변이
676,2015-10-26,9,돌연변이
677,2015-10-27,10,돌연변이
678,2015-10-28,7,돌연변이
679,2015-07-15,3,쓰리 썸머 나잇
680,2015-07-16,2,쓰리 썸머 나잇
681,2015-07-17,4,쓰리 썸머 나잇
682,2015-07-18,0,쓰리 썸머 나잇
683,2015-07-19,0,쓰리 썸머 나잇
684,2015-07-20,2,쓰리 썸머 나잇
685,2015-07-21,0,쓰리 썸머 나잇
686,2015-10-28,10,미안해 사랑해 고마워
687,2015-10-29,4,미안해 사랑해 고마워
688,2015-10-30,3,미안해 사랑해 고마워
689,2015-10-31,1,미안해 사랑해 고마워
690,2015-11-01,2,미안해 사랑해 고마워
691,2015-11-02,7,미안해 사랑해 고마워
692,2015-11-03,2,미안해 사랑해 고마워
693,2015-10-15,40,비밀
694,2015-10-16,24,비밀
695,2015-10-17,22,비밀
696,2015-10-18,23,비밀
697,2015-10-19,17,비밀
698,2015-10-20,17,비밀
699,2015-10-21,8,비밀
700,2015-04-23,6,약장수
701,2015-04-24,12,약장수
702,2015-04-25,2,약장수
703,2015-04-26,4,약장수
704,2015-04-27,5,약장수
705,2015-04-28,6,약장수
706,2015-04-29,1,약장수
707,2015-12-10,0,타투
708,2015-12-11,4,타투
709,2015-12-12,0,타투
710,2015-12-13,0,타투
711,2015-12-14,2,타투
712,2015-12-15,1,타투
713,2015-12-16,1,타투
714,2015-04-16,1,검은손
715,2015-04-17,3,검은손
716,2015-04-18,0,검은손
717,2015-04-19,0,검은손
718,2015-04-20,1,검은손
719,2015-04-21,3,검은손
720,2015-04-22,0,검은손
721,2016-07-20,52,부산행
722,2016-07-21,37,부산행
723,2016-07-22,45,부산행
724,2016-07-23,48,부산행
725,2016-07-24,42,부산행
726,2016-07-25,43,부산행
727,2016-07-26,44,부산행
728,2016-02-03,41,검사외전
729,2016-02-04,36,검사외전
730,2016-02-05,40,검사외전
731,2016-02-06,38,검사외전
732,2016-02-07,40,검사외전
733,2016-02-08,38,검사외전
734,2016-02-09,43,검사외전
735,2016-09-07,42,밀정
736,2016-09-08,41,밀정
737,2016-09-09,40,밀정
738,2016-09-10,42,밀정
739,2016-09-11,42,밀정
740,2016-09-12,39,밀정
741,2016-09-13,43,밀정
742,2016-08-10,47,터널
743,2016-08-11,37,터널
744,2016-08-12,42,터널
745,2016-08-13,41,터널
746,2016-08-14,56,터널
747,2016-08-15,56,터널
748,2016-08-16,37,터널
749,2016-07-27,57,인천상륙작전
750,2016-07-28,40,인천상륙작전
751,2016-07-29,46,인천상륙작전
752,2016-07-30,38,인천상륙작전
753,2016-07-31,47,인천상륙작전
754,2016-08-01,37,인천상륙작전
755,2016-08-02,42,인천상륙작전
756,2016-10-13,35,럭키
757,2016-10-14,34,럭키
758,2016-10-15,40,럭키
759,2016-10-16,38,럭키
760,2016-10-17,39,럭키
761,2016-10-18,36,럭키
762,2016-10-19,32,럭키
763,2016-05-12,59,곡성
764,2016-05-13,60,곡성
765,2016-05-14,53,곡성
766,2016-05-15,42,곡성
767,2016-05-16,44,곡성
768,2016-05-17,56,곡성
769,2016-05-18,41,곡성
770,2016-08-03,36,덕혜옹주
771,2016-08-04,41,덕혜옹주
772,2016-08-05,40,덕혜옹주
773,2016-08-06,39,덕혜옹주
774,2016-08-07,38,덕혜옹주
775,2016-08-08,40,덕혜옹주
776,2016-08-09,39,덕혜옹주
777,2016-12-21,43,마스터
778,2016-12-22,36,마스터
779,2016-12-23,41,마스터
780,2016-12-24,43,마스터
781,2016-12-25,46,마스터
782,2016-12-26,40,마스터
783,2016-12-27,34,마스터
784,2016-12-07,38,판도라
785,2016-12-08,36,판도라
786,2016-12-09,39,판도라
787,2016-12-10,39,판도라
788,2016-12-11,26,판도라
789,2016-12-12,42,판도라
790,2016-12-13,41,판도라
791,2016-06-01,59,아가씨
792,2016-06-02,52,아가씨
793,2016-06-03,39,아가씨
794,2016-06-04,51,아가씨
795,2016-06-05,46,아가씨
796,2016-06-06,61,아가씨
797,2016-06-07,40,아가씨
798,2016-02-24,42,귀향
799,2016-02-25,43,귀향
800,2016-02-26,47,귀향
801,2016-02-27,44,귀향
802,2016-02-28,47,귀향
803,2016-02-29,59,귀향
804,2016-03-01,47,귀향
805,2016-11-23,41,형
806,2016-11-24,45,형
807,2016-11-25,37,형
808,2016-11-26,38,형
809,2016-11-27,53,형
810,2016-11-28,45,형
811,2016-11-29,42,형
812,2016-09-28,37,아수라
813,2016-09-29,48,아수라
814,2016-09-30,40,아수라
815,2016-10-01,39,아수라
816,2016-10-02,50,아수라
817,2016-10-03,34,아수라
818,2016-10-04,39,아수라
819,2016-06-29,34,굿바이 싱글
820,2016-06-30,18,굿바이 싱글
821,2016-07-01,28,굿바이 싱글
822,2016-07-02,25,굿바이 싱글
823,2016-07-03,32,굿바이 싱글
824,2016-07-04,29,굿바이 싱글
825,2016-07-05,17,굿바이 싱글
826,2016-07-06,39,봉이 김선달
827,2016-07-07,20,봉이 김선달
828,2016-07-08,21,봉이 김선달
829,2016-07-09,29,봉이 김선달
830,2016-07-10,35,봉이 김선달
831,2016-07-11,22,봉이 김선달
832,2016-07-12,13,봉이 김선달
833,2016-05-04,38,탐정 홍길동
834,2016-05-05,32,탐정 홍길동
835,2016-05-06,31,탐정 홍길동
836,2016-05-07,27,탐정 홍길동
837,2016-05-08,22,탐정 홍길동
838,2016-05-09,18,탐정 홍길동
839,2016-05-10,19,탐정 홍길동
840,2016-06-16,20,특별수사
841,2016-06-17,32,특별수사
842,2016-06-18,39,특별수사
843,2016-06-19,40,특별수사
844,2016-06-20,36,특별수사
845,2016-06-21,35,특별수사
846,2016-06-22,39,특별수사
847,2016-04-13,29,시간이탈자
848,2016-04-14,25,시간이탈자
849,2016-04-15,28,시간이탈자
850,2016-04-16,30,시간이탈자
851,2016-04-17,25,시간이탈자
852,2016-04-18,21,시간이탈자
853,2016-04-19,10,시간이탈자
854,2016-02-17,41,동주
855,2016-02-18,35,동주
856,2016-02-19,43,동주
857,2016-02-20,39,동주
858,2016-02-21,42,동주
859,2016-02-22,40,동주
860,2016-02-23,41,동주
861,2016-11-30,41,미씽
862,2016-12-01,44,미씽
863,2016-12-02,43,미씽
864,2016-12-03,39,미씽
865,2016-12-04,39,미씽
866,2016-12-05,40,미씽
867,2016-12-06,49,미씽
868,2016-12-14,35,"당신, 거기 있어줄래요"
869,2016-12-15,30,"당신, 거기 있어줄래요"
870,2016-12-16,26,"당신, 거기 있어줄래요"
871,2016-12-17,23,"당신, 거기 있어줄래요"
872,2016-12-18,24,"당신, 거기 있어줄래요"
873,2016-12-19,29,"당신, 거기 있어줄래요"
874,2016-12-20,18,"당신, 거기 있어줄래요"
875,2016-01-21,35,오빠생각
876,2016-01-22,33,오빠생각
877,2016-01-23,33,오빠생각
878,2016-01-24,29,오빠생각
879,2016-01-25,33,오빠생각
880,2016-01-26,31,오빠생각
881,2016-01-27,29,오빠생각
882,2016-04-07,28,"날, 보러와요"
883,2016-04-08,14,"날, 보러와요"
884,2016-04-09,17,"날, 보러와요"
885,2016-04-10,13,"날, 보러와요"
886,2016-04-11,14,"날, 보러와요"
887,2016-04-12,20,"날, 보러와요"
888,2016-04-13,17,"날, 보러와요"
889,2016-09-07,24,"고산자, 대동여지도"
890,2016-09-08,15,"고산자, 대동여지도"
891,2016-09-09,10,"고산자, 대동여지도"
892,2016-09-10,14,"고산자, 대동여지도"
893,2016-09-11,9,"고산자, 대동여지도"
894,2016-09-12,5,"고산자, 대동여지도"
895,2016-09-13,9,"고산자, 대동여지도"
896,2016-02-17,38,좋아해줘
897,2016-02-18,31,좋아해줘
898,2016-02-19,29,좋아해줘
899,2016-02-20,37,좋아해줘
900,2016-02-21,40,좋아해줘
901,2016-02-22,20,좋아해줘
902,2016-02-23,28,좋아해줘
903,2016-11-09,22,스플릿
904,2016-11-10,24,스플릿
905,2016-11-11,15,스플릿
906,2016-11-12,19,스플릿
907,2016-11-13,17,스플릿
908,2016-11-14,18,스플릿
909,2016-11-15,15,스플릿
910,2016-08-10,24,국가대표 2
911,2016-08-11,24,국가대표 2
912,2016-08-12,15,국가대표 2
913,2016-08-13,11,국가대표 2
914,2016-08-14,16,국가대표 2
915,2016-08-15,13,국가대표 2
916,2016-08-16,16,국가대표 2
917,2016-01-14,23,그날의 분위기
918,2016-01-15,11,그날의 분위기
919,2016-01-16,11,그날의 분위기
920,2016-01-17,5,그날의 분위기
921,2016-01-18,4,그날의 분위기
922,2016-01-19,8,그날의 분위기
923,2016-01-20,21,그날의 분위기
924,2016-06-29,20,사냥
925,2016-06-30,39,사냥
926,2016-07-01,39,사냥
927,2016-07-02,31,사냥
928,2016-07-03,18,사냥
929,2016-07-04,38,사냥
930,2016-07-05,17,사냥
931,2016-03-10,41,널 기다리며
932,2016-03-11,36,널 기다리며
933,2016-03-12,33,널 기다리며
934,2016-03-13,42,널 기다리며
935,2016-03-14,37,널 기다리며
936,2016-03-15,38,널 기다리며
937,2016-03-16,37,널 기다리며
938,2016-11-16,33,가려진 시간
939,2016-11-17,36,가려진 시간
940,2016-11-18,39,가려진 시간
941,2016-11-19,33,가려진 시간
942,2016-11-20,39,가려진 시간
943,2016-11-21,32,가려진 시간
944,2016-11-22,19,가려진 시간
945,2016-04-13,39,해어화
946,2016-04-14,25,해어화
947,2016-04-15,19,해어화
948,2016-04-16,21,해어화
949,2016-04-17,31,해어화
950,2016-04-18,28,해어화
951,2016-04-19,12,해어화
952,2016-05-19,28,계춘할망
953,2016-05-20,30,계춘할망
954,2016-05-21,22,계춘할망
955,2016-05-22,17,계춘할망
956,2016-05-23,19,계춘할망
957,2016-05-24,12,계춘할망
958,2016-05-25,10,계춘할망
959,2016-01-27,35,"로봇, 소리"
960,2016-01-28,42,"로봇, 소리"
961,2016-01-29,38,"로봇, 소리"
962,2016-01-30,16,"로봇, 소리"
963,2016-01-31,21,"로봇, 소리"
964,2016-02-01,14,"로봇, 소리"
965,2016-02-02,5,"로봇, 소리"
966,2016-04-21,11,위대한 소원
967,2016-04-22,4,위대한 소원
968,2016-04-23,4,위대한 소원
969,2016-04-24,4,위대한 소원
970,2016-04-25,6,위대한 소원
971,2016-04-26,4,위대한 소원
972,2016-04-27,7,위대한 소원
973,2016-10-26,23,혼숨
974,2016-10-27,11,혼숨
975,2016-10-28,5,혼숨
976,2016-10-29,8,혼숨
977,2016-10-30,11,혼숨
978,2016-10-31,8,혼숨
979,2016-11-01,2,혼숨
980,2016-06-23,39,비밀은 없다
981,2016-06-24,36,비밀은 없다
982,2016-06-25,31,비밀은 없다
983,2016-06-26,34,비밀은 없다
984,2016-06-27,40,비밀은 없다
985,2016-06-28,40,비밀은 없다
986,2016-06-29,38,비밀은 없다
987,2016-02-24,39,순정
988,2016-02-25,31,순정
989,2016-02-26,34,순정
990,2016-02-27,39,순정
991,2016-02-28,46,순정
992,2016-02-29,30,순정
993,2016-03-01,35,순정
994,2016-02-25,28,남과 여
995,2016-02-26,41,남과 여
996,2016-02-27,26,남과 여
997,2016-02-28,25,남과 여
998,2016-02-29,40,남과 여
999,2016-03-01,43,남과 여
1000,2016-03-02,12,남과 여
1001,2016-03-30,18,대배우
1002,2016-03-31,17,대배우
1003,2016-04-01,18,대배우
1004,2016-04-02,9,대배우
1005,2016-04-03,4,대배우
1006,2016-04-04,9,대배우
1007,2016-04-05,4,대배우
1008,2016-06-01,6,무서운 이야기 3
1009,2016-06-02,8,무서운 이야기 3
1010,2016-06-03,4,무서운 이야기 3
1011,2016-06-04,2,무서운 이야기 3
1012,2016-06-05,2,무서운 이야기 3
1013,2016-06-06,1,무서운 이야기 3
1014,2016-06-07,3,무서운 이야기 3
1015,2016-10-20,35,걷기왕
1016,2016-10-21,36,걷기왕
1017,2016-10-22,38,걷기왕
1018,2016-10-23,27,걷기왕
1019,2016-10-24,38,걷기왕
1020,2016-10-25,16,걷기왕
1021,2016-10-26,21,걷기왕
1022,2016-05-12,3,엽기적인 그녀 2
1023,2016-05-13,3,엽기적인 그녀 2
1024,2016-05-14,5,엽기적인 그녀 2
1025,2016-05-15,4,엽기적인 그녀 2
1026,2016-05-16,1,엽기적인 그녀 2
1027,2016-05-17,3,엽기적인 그녀 2
1028,2016-05-18,1,엽기적인 그녀 2
1029,2016-02-11,16,번개맨
1030,2016-02-12,17,번개맨
1031,2016-02-13,5,번개맨
1032,2016-02-14,5,번개맨
1033,2016-02-15,4,번개맨
1034,2016-02-16,2,번개맨
1035,2016-02-17,5,번개맨
1036,2016-08-25,22,올레
1037,2016-08-26,15,올레
1038,2016-08-27,16,올레
1039,2016-08-28,13,올레
1040,2016-08-29,12,올레
1041,2016-08-30,18,올레
1042,2016-08-31,5,올레
1043,2016-11-30,39,두 남자
1044,2016-12-01,27,두 남자
1045,2016-12-02,23,두 남자
1046,2016-12-03,40,두 남자
1047,2016-12-04,16,두 남자
1048,2016-12-05,13,두 남자
1049,2016-12-06,18,두 남자
1050,2016-12-14,10,목숨 건 연애
1051,2016-12-15,5,목숨 건 연애
1052,2016-12-16,5,목숨 건 연애
1053,2016-12-17,2,목숨 건 연애
1054,2016-12-18,2,목숨 건 연애
1055,2016-12-19,1,목숨 건 연애
1056,2016-12-20,3,목숨 건 연애
1057,2016-07-13,10,트릭
1058,2016-07-14,16,트릭
1059,2016-07-15,5,트릭
1060,2016-07-16,12,트릭
1061,2016-07-17,4,트릭
1062,2016-07-18,3,트릭
1063,2016-07-19,7,트릭
1064,2016-09-22,19,대결
1065,2016-09-23,19,대결
1066,2016-09-24,10,대결
1067,2016-09-25,0,대결
1068,2016-09-26,1,대결
1069,2016-09-27,5,대결
1070,2016-09-28,7,대결
1071,2016-09-13,6,인천상륙작전
1072,2016-09-14,11,인천상륙작전
1073,2016-09-15,13,인천상륙작전
1074,2016-09-16,11,인천상륙작전
1075,2016-09-17,15,인천상륙작전
1076,2016-09-18,13,인천상륙작전
1077,2016-09-19,9,인천상륙작전
1078,2016-03-10,36,히야
1079,2016-03-11,27,히야
1080,2016-03-12,36,히야
1081,2016-03-13,35,히야
1082,2016-03-14,26,히야
1083,2016-03-15,24,히야
1084,2016-03-16,20,히야
1085,2016-03-03,12,무수단
1086,2016-03-04,2,무수단
1087,2016-03-05,12,무수단
1088,2016-03-06,2,무수단
1089,2016-03-07,5,무수단
1090,2016-03-08,1,무수단
1091,2016-03-09,2,무수단
1092,2017-08-02,48,택시운전사
1093,2017-08-03,41,택시운전사
1094,2017-08-04,20,택시운전사
1095,2017-08-05,39,택시운전사
1096,2017-08-06,44,택시운전사
1097,2017-08-07,44,택시운전사
1098,2017-08-08,47,택시운전사
1099,2017-12-20,52,신과함께
1100,2017-12-21,38,신과함께
1101,2017-12-22,49,신과함께
1102,2017-12-23,53,신과함께
1103,2017-12-24,50,신과함께
1104,2017-12-25,49,신과함께
1105,2017-12-26,42,신과함께
1106,2017-01-18,37,공조
1107,2017-01-19,38,공조
1108,2017-01-20,35,공조
1109,2017-01-21,40,공조
1110,2017-01-22,39,공조
1111,2017-01-23,33,공조
1112,2017-01-24,27,공조
1113,2017-10-03,32,범죄도시
1114,2017-10-04,22,범죄도시
1115,2017-10-05,28,범죄도시
1116,2017-10-06,35,범죄도시
1117,2017-10-07,36,범죄도시
1118,2017-10-08,38,범죄도시
1119,2017-10-09,37,범죄도시
1120,2017-07-26,40,군함도
1121,2017-07-27,56,군함도
1122,2017-07-28,58,군함도
1123,2017-07-29,55,군함도
1124,2017-07-30,42,군함도
1125,2017-07-31,40,군함도
1126,2017-08-01,40,군함도
1127,2017-08-09,43,청년경찰
1128,2017-08-10,40,청년경찰
1129,2017-08-11,39,청년경찰
1130,2017-08-12,34,청년경찰
1131,2017-08-13,42,청년경찰
1132,2017-08-14,39,청년경찰
1133,2017-08-15,42,청년경찰
1134,2017-01-18,36,더 킹
1135,2017-01-19,41,더 킹
1136,2017-01-20,34,더 킹
1137,2017-01-21,36,더 킹
1138,2017-01-22,40,더 킹
1139,2017-01-23,31,더 킹
1140,2017-01-24,20,더 킹
1141,2017-11-22,19,꾼
1142,2017-11-23,33,꾼
1143,2017-11-24,36,꾼
1144,2017-11-25,30,꾼
1145,2017-11-26,36,꾼
1146,2017-11-27,33,꾼
1147,2017-11-28,32,꾼
1148,2017-12-14,32,강철비
1149,2017-12-15,37,강철비
1150,2017-12-16,35,강철비
1151,2017-12-17,33,강철비
1152,2017-12-18,33,강철비
1153,2017-12-19,31,강철비
1154,2017-12-20,27,강철비
1155,2017-10-03,18,남한산성
1156,2017-10-04,49,남한산성
1157,2017-10-05,45,남한산성
1158,2017-10-06,34,남한산성
1159,2017-10-07,39,남한산성
1160,2017-10-08,36,남한산성
1161,2017-10-09,20,남한산성
1162,2017-09-21,20,아이 캔 스피크
1163,2017-09-22,25,아이 캔 스피크
1164,2017-09-23,36,아이 캔 스피크
1165,2017-09-24,37,아이 캔 스피크
1166,2017-09-25,34,아이 캔 스피크
1167,2017-09-26,28,아이 캔 스피크
1168,2017-09-27,32,아이 캔 스피크
1169,2017-03-23,32,프리즌
1170,2017-03-24,36,프리즌
1171,2017-03-25,39,프리즌
1172,2017-03-26,30,프리즌
1173,2017-03-27,26,프리즌
1174,2017-03-28,13,프리즌
1175,2017-03-29,18,프리즌
1176,2017-09-06,37,살인자의 기억법
1177,2017-09-07,36,살인자의 기억법
1178,2017-09-08,36,살인자의 기억법
1179,2017-09-09,35,살인자의 기억법
1180,2017-09-10,37,살인자의 기억법
1181,2017-09-11,34,살인자의 기억법
1182,2017-09-12,20,살인자의 기억법
1183,2017-05-03,31,보안관
1184,2017-05-04,34,보안관
1185,2017-05-05,29,보안관
1186,2017-05-06,35,보안관
1187,2017-05-07,31,보안관
1188,2017-05-08,35,보안관
1189,2017-05-09,30,보안관
1190,2017-02-09,38,조작된 도시
1191,2017-02-10,36,조작된 도시
1192,2017-02-11,28,조작된 도시
1193,2017-02-12,34,조작된 도시
1194,2017-02-13,31,조작된 도시
1195,2017-02-14,35,조작된 도시
1196,2017-02-15,33,조작된 도시
1197,2017-02-15,29,재심
1198,2017-02-16,41,재심
1199,2017-02-17,36,재심
1200,2017-02-18,38,재심
1201,2017-02-19,36,재심
1202,2017-02-20,37,재심
1203,2017-02-21,36,재심
1204,2017-06-28,51,박열
1205,2017-06-29,37,박열
1206,2017-06-30,37,박열
1207,2017-07-01,40,박열
1208,2017-07-02,37,박열
1209,2017-07-03,37,박열
1210,2017-07-04,37,박열
1211,2017-12-27,35,1987
1212,2017-12-28,40,1987
1213,2017-12-29,49,1987
1214,2017-12-30,37,1987
1215,2017-12-31,20,1987
1216,2018-01-01,35,1987
1217,2018-01-02,57,1987
1218,2017-05-25,39,노무현입니다
1219,2017-05-26,36,노무현입니다
1220,2017-05-27,42,노무현입니다
1221,2017-05-28,39,노무현입니다
1222,2017-05-29,43,노무현입니다
1223,2017-05-30,33,노무현입니다
1224,2017-05-31,43,노무현입니다
1225,2017-04-26,34,임금님의 사건수첩
1226,2017-04-27,12,임금님의 사건수첩
1227,2017-04-28,16,임금님의 사건수첩
1228,2017-04-29,21,임금님의 사건수첩
1229,2017-04-30,23,임금님의 사건수첩
1230,2017-05-01,10,임금님의 사건수첩
1231,2017-05-02,15,임금님의 사건수첩
1232,2017-11-02,33,부라더
1233,2017-11-03,30,부라더
1234,2017-11-04,26,부라더
1235,2017-11-05,17,부라더
1236,2017-11-06,13,부라더
1237,2017-11-07,13,부라더
1238,2017-11-08,20,부라더
1239,2017-11-29,37,기억의 밤
1240,2017-11-30,34,기억의 밤
1241,2017-12-01,31,기억의 밤
1242,2017-12-02,20,기억의 밤
1243,2017-12-03,35,기억의 밤
1244,2017-12-04,19,기억의 밤
1245,2017-12-05,29,기억의 밤
1246,2017-08-23,39,브이아이피
1247,2017-08-24,29,브이아이피
1248,2017-08-25,28,브이아이피
1249,2017-08-26,32,브이아이피
1250,2017-08-27,30,브이아이피
1251,2017-08-28,32,브이아이피
1252,2017-08-29,26,브이아이피
1253,2017-04-26,42,특별시민
1254,2017-04-27,38,특별시민
1255,2017-04-28,36,특별시민
1256,2017-04-29,33,특별시민
1257,2017-04-30,37,특별시민
1258,2017-05-01,33,특별시민
1259,2017-05-02,29,특별시민
1260,2017-08-17,30,장산범
1261,2017-08-18,36,장산범
1262,2017-08-19,30,장산범
1263,2017-08-20,31,장산범
1264,2017-08-21,30,장산범
1265,2017-08-22,33,장산범
1266,2017-08-23,40,장산범
1267,2017-06-08,47,악녀
1268,2017-06-09,29,악녀
1269,2017-06-10,38,악녀
1270,2017-06-11,34,악녀
1271,2017-06-12,39,악녀
1272,2017-06-13,24,악녀
1273,2017-06-14,29,악녀
1274,2017-03-01,35,해빙
1275,2017-03-02,40,해빙
1276,2017-03-03,31,해빙
1277,2017-03-04,36,해빙
1278,2017-03-05,20,해빙
1279,2017-03-06,30,해빙
1280,2017-03-07,29,해빙
1281,2017-06-15,44,하루
1282,2017-06-16,40,하루
1283,2017-06-17,44,하루
1284,2017-06-18,40,하루
1285,2017-06-19,29,하루
1286,2017-06-20,31,하루
1287,2017-06-21,35,하루
1288,2017-05-17,16,불한당
1289,2017-05-18,52,불한당
1290,2017-05-19,39,불한당
1291,2017-05-20,41,불한당
1292,2017-05-21,33,불한당
1293,2017-05-22,41,불한당
1294,2017-05-23,48,불한당
1295,2017-05-31,20,대립군
1296,2017-06-01,38,대립군
1297,2017-06-02,41,대립군
1298,2017-06-03,30,대립군
1299,2017-06-04,39,대립군
1300,2017-06-05,15,대립군
1301,2017-06-06,38,대립군
1302,2017-04-12,13,아빠는 딸
1303,2017-04-13,5,아빠는 딸
1304,2017-04-14,7,아빠는 딸
1305,2017-04-15,10,아빠는 딸
1306,2017-04-16,8,아빠는 딸
1307,2017-04-17,4,아빠는 딸
1308,2017-04-18,5,아빠는 딸
1309,2017-11-02,33,침묵
1310,2017-11-03,38,침묵
1311,2017-11-04,35,침묵
1312,2017-11-05,36,침묵
1313,2017-11-06,31,침묵
1314,2017-11-07,21,침묵
1315,2017-11-08,26,침묵
1316,2017-06-28,50,리얼
1317,2017-06-29,51,리얼
1318,2017-06-30,20,리얼
1319,2017-07-01,48,리얼
1320,2017-07-02,47,리얼
1321,2017-07-03,39,리얼
1322,2017-07-04,38,리얼
1323,2017-11-29,5,반드시 잡는다
1324,2017-11-30,10,반드시 잡는다
1325,2017-12-01,7,반드시 잡는다
1326,2017-12-02,4,반드시 잡는다
1327,2017-12-03,5,반드시 잡는다
1328,2017-12-04,2,반드시 잡는다
1329,2017-12-05,7,반드시 잡는다
1330,2017-03-29,29,원라인
1331,2017-03-30,33,원라인
1332,2017-03-31,16,원라인
1333,2017-04-01,38,원라인
1334,2017-04-02,31,원라인
1335,2017-04-03,18,원라인
1336,2017-04-04,24,원라인
1337,2017-03-23,23,보통사람
1338,2017-03-24,20,보통사람
1339,2017-03-25,25,보통사람
1340,2017-03-26,22,보통사람
1341,2017-03-27,10,보통사람
1342,2017-03-28,12,보통사람
1343,2017-03-29,18,보통사람
1344,2017-10-19,32,대장 김창수
1345,2017-10-20,27,대장 김창수
1346,2017-10-21,20,대장 김창수
1347,2017-10-22,12,대장 김창수
1348,2017-10-23,13,대장 김창수
1349,2017-10-24,15,대장 김창수
1350,2017-10-25,11,대장 김창수
1351,2017-05-09,12,석조저택 살인사건
1352,2017-05-10,14,석조저택 살인사건
1353,2017-05-11,5,석조저택 살인사건
1354,2017-05-12,10,석조저택 살인사건
1355,2017-05-13,18,석조저택 살인사건
1356,2017-05-14,11,석조저택 살인사건
1357,2017-05-15,4,석조저택 살인사건
1358,2017-02-22,36,싱글라이더
1359,2017-02-23,28,싱글라이더
1360,2017-02-24,25,싱글라이더
1361,2017-02-25,20,싱글라이더
1362,2017-02-26,27,싱글라이더
1363,2017-02-27,21,싱글라이더
1364,2017-02-28,19,싱글라이더
1365,2017-11-15,40,7호실
1366,2017-11-16,38,7호실
1367,2017-11-17,35,7호실
1368,2017-11-18,42,7호실
1369,2017-11-19,35,7호실
1370,2017-11-20,37,7호실
1371,2017-11-21,38,7호실
1372,2017-10-12,40,희생부활자
1373,2017-10-13,29,희생부활자
1374,2017-10-14,24,희생부활자
1375,2017-10-15,12,희생부활자
1376,2017-10-16,7,희생부활자
1377,2017-10-17,8,희생부활자
1378,2017-10-18,12,희생부활자
1379,2017-11-09,34,미옥
1380,2017-11-10,38,미옥
1381,2017-11-11,42,미옥
1382,2017-11-12,32,미옥
1383,2017-11-13,19,미옥
1384,2017-11-14,29,미옥
1385,2017-11-15,29,미옥
1386,2017-04-05,21,어느날
1387,2017-04-06,26,어느날
1388,2017-04-07,30,어느날
1389,2017-04-08,38,어느날
1390,2017-04-09,29,어느날
1391,2017-04-10,14,어느날
1392,2017-04-11,17,어느날
1393,2017-11-09,10,채비
1394,2017-11-10,10,채비
1395,2017-11-11,4,채비
1396,2017-11-12,5,채비
1397,2017-11-13,8,채비
1398,2017-11-14,7,채비
1399,2017-11-15,3,채비
1400,2017-03-16,6,비정규직 특수요원
1401,2017-03-17,12,비정규직 특수요원
1402,2017-03-18,6,비정규직 특수요원
1403,2017-03-19,2,비정규직 특수요원
1404,2017-03-20,2,비정규직 특수요원
1405,2017-03-21,2,비정규직 특수요원
1406,2017-03-22,4,비정규직 특수요원
1407,2017-08-30,3,로마의 휴일
1408,2017-08-31,8,로마의 휴일
1409,2017-09-01,8,로마의 휴일
1410,2017-09-02,5,로마의 휴일
1411,2017-09-03,2,로마의 휴일
1412,2017-09-04,3,로마의 휴일
1413,2017-09-05,5,로마의 휴일
1414,2017-04-05,27,시간위의 집
1415,2017-04-06,12,시간위의 집
1416,2017-04-07,14,시간위의 집
1417,2017-04-08,10,시간위의 집
1418,2017-04-09,17,시간위의 집
1419,2017-04-10,8,시간위의 집
1420,2017-04-11,11,시간위의 집
1421,2017-02-22,21,루시드 드림
1422,2017-02-23,9,루시드 드림
1423,2017-02-24,9,루시드 드림
1424,2017-02-25,4,루시드 드림
1425,2017-02-26,6,루시드 드림
1426,2017-02-27,7,루시드 드림
1427,2017-02-28,10,루시드 드림
1428,2017-02-15,14,"그래, 가족"
1429,2017-02-16,6,"그래, 가족"
1430,2017-02-17,5,"그래, 가족"
1431,2017-02-18,2,"그래, 가족"
1432,2017-02-19,6,"그래, 가족"
1433,2017-02-20,12,"그래, 가족"
1434,2017-02-21,8,"그래, 가족"
1435,2017-11-23,12,역모
1436,2017-11-24,13,역모
1437,2017-11-25,11,역모
1438,2017-11-26,7,역모
1439,2017-11-27,7,역모
1440,2017-11-28,6,역모
1441,2017-11-29,7,역모
1442,2017-09-21,4,이웃집 스타
1443,2017-09-22,3,이웃집 스타
1444,2017-09-23,1,이웃집 스타
1445,2017-09-24,3,이웃집 스타
1446,2017-09-25,3,이웃집 스타
1447,2017-09-26,2,이웃집 스타
1448,2017-09-27,1,이웃집 스타
1449,2017-09-14,0,구세주
1450,2017-09-15,2,구세주
1451,2017-09-16,0,구세주
1452,2017-09-17,0,구세주
1453,2017-09-18,0,구세주
1454,2017-09-19,0,구세주
1455,2017-09-20,1,구세주
1456,2018-08-01,27,신과함께
1457,2018-08-02,38,신과함께
1458,2018-08-03,55,신과함께
1459,2018-08-04,50,신과함께
1460,2018-08-05,32,신과함께
1461,2018-08-06,15,신과함께
1462,2018-08-07,40,신과함께
1463,2018-09-19,40,안시성
1464,2018-09-20,20,안시성
1465,2018-09-21,40,안시성
1466,2018-09-22,43,안시성
1467,2018-09-23,43,안시성
1468,2018-09-24,41,안시성
1469,2018-09-25,44,안시성
1470,2018-10-31,35,완벽한 타인
1471,2018-11-01,29,완벽한 타인
1472,2018-11-02,30,완벽한 타인
1473,2018-11-03,37,완벽한 타인
1474,2018-11-04,35,완벽한 타인
1475,2018-11-05,34,완벽한 타인
1476,2018-11-06,33,완벽한 타인
1477,2018-05-22,40,독전
1478,2018-05-23,39,독전
1479,2018-05-24,19,독전
1480,2018-05-25,17,독전
1481,2018-05-26,46,독전
1482,2018-05-27,46,독전
1483,2018-05-28,40,독전
1484,2018-08-08,18,공작
1485,2018-08-09,34,공작
1486,2018-08-10,34,공작
1487,2018-08-11,43,공작
1488,2018-08-12,36,공작
1489,2018-08-13,46,공작
1490,2018-08-14,37,공작
1491,2018-10-03,38,암수살인
1492,2018-10-04,37,암수살인
1493,2018-10-05,29,암수살인
1494,2018-10-06,34,암수살인
1495,2018-10-07,18,암수살인
1496,2018-10-08,32,암수살인
1497,2018-10-09,36,암수살인
1498,2018-06-27,34,마녀
1499,2018-06-28,33,마녀
1500,2018-06-29,34,마녀
1501,2018-06-30,32,마녀
1502,2018-07-01,35,마녀
1503,2018-07-02,33,마녀
1504,2018-07-03,40,마녀
1505,2018-06-13,39,탐정
1506,2018-06-14,21,탐정
1507,2018-06-15,29,탐정
1508,2018-06-16,34,탐정
1509,2018-06-17,27,탐정
1510,2018-06-18,25,탐정
1511,2018-06-19,19,탐정
1512,2018-08-22,33,너의 결혼식
1513,2018-08-23,29,너의 결혼식
1514,2018-08-24,34,너의 결혼식
1515,2018-08-25,32,너의 결혼식
1516,2018-08-26,33,너의 결혼식
1517,2018-08-27,35,너의 결혼식
1518,2018-08-28,27,너의 결혼식
1519,2018-03-28,32,곤지암
1520,2018-03-29,44,곤지암
1521,2018-03-30,37,곤지암
1522,2018-03-31,49,곤지암
1523,2018-04-01,43,곤지암
1524,2018-04-02,41,곤지암
1525,2018-04-03,26,곤지암
1526,2018-03-14,26,지금 만나러 갑니다
1527,2018-03-15,25,지금 만나러 갑니다
1528,2018-03-16,38,지금 만나러 갑니다
1529,2018-03-17,24,지금 만나러 갑니다
1530,2018-03-18,20,지금 만나러 갑니다
1531,2018-03-19,25,지금 만나러 갑니다
1532,2018-03-20,24,지금 만나러 갑니다
1533,2018-08-15,40,목격자
1534,2018-08-16,36,목격자
1535,2018-08-17,38,목격자
1536,2018-08-18,39,목격자
1537,2018-08-19,31,목격자
1538,2018-08-20,33,목격자
1539,2018-08-21,28,목격자
1540,2018-02-08,35,조선명탐정
1541,2018-02-09,24,조선명탐정
1542,2018-02-10,33,조선명탐정
1543,2018-02-11,26,조선명탐정
1544,2018-02-12,10,조선명탐정
1545,2018-02-13,22,조선명탐정
1546,2018-02-14,21,조선명탐정
1547,2018-11-28,45,국가부도의 날
1548,2018-11-29,19,국가부도의 날
1549,2018-11-30,19,국가부도의 날
1550,2018-12-01,47,국가부도의 날
1551,2018-12-02,37,국가부도의 날
1552,2018-12-03,42,국가부도의 날
1553,2018-12-04,20,국가부도의 날
1554,2018-09-19,39,명당
1555,2018-09-20,33,명당
1556,2018-09-21,17,명당
1557,2018-09-22,35,명당
1558,2018-09-23,20,명당
1559,2018-09-24,17,명당
1560,2018-09-25,35,명당
1561,2018-09-19,32,협상
1562,2018-09-20,37,협상
1563,2018-09-21,36,협상
1564,2018-09-22,18,협상
1565,2018-09-23,19,협상
1566,2018-09-24,36,협상
1567,2018-09-25,44,협상
1568,2018-10-25,37,창궐
1569,2018-10-26,39,창궐
1570,2018-10-27,35,창궐
1571,2018-10-28,34,창궐
1572,2018-10-29,34,창궐
1573,2018-10-30,37,창궐
1574,2018-10-31,33,창궐
1575,2018-11-22,24,성난황소
1576,2018-11-23,36,성난황소
1577,2018-11-24,21,성난황소
1578,2018-11-25,18,성난황소
1579,2018-11-26,20,성난황소
1580,2018-11-27,11,성난황소
1581,2018-11-28,12,성난황소
1582,2018-02-28,42,리틀 포레스트
1583,2018-03-01,45,리틀 포레스트
1584,2018-03-02,42,리틀 포레스트
1585,2018-03-03,53,리틀 포레스트
1586,2018-03-04,36,리틀 포레스트
1587,2018-03-05,45,리틀 포레스트
1588,2018-03-06,40,리틀 포레스트
1589,2018-02-14,37,골든슬럼버
1590,2018-02-15,30,골든슬럼버
1591,2018-02-16,18,골든슬럼버
1592,2018-02-17,22,골든슬럼버
1593,2018-02-18,39,골든슬럼버
1594,2018-02-19,38,골든슬럼버
1595,2018-02-20,34,골든슬럼버
1596,2018-02-28,37,궁합
1597,2018-03-01,27,궁합
1598,2018-03-02,37,궁합
1599,2018-03-03,39,궁합
1600,2018-03-04,41,궁합
1601,2018-03-05,35,궁합
1602,2018-03-06,33,궁합
1603,2018-03-07,12,사라진 밤
1604,2018-03-08,31,사라진 밤
1605,2018-03-09,31,사라진 밤
1606,2018-03-10,34,사라진 밤
1607,2018-03-11,38,사라진 밤
1608,2018-03-12,18,사라진 밤
1609,2018-03-13,9,사라진 밤
1610,2018-04-05,37,바람 바람 바람
1611,2018-04-06,17,바람 바람 바람
1612,2018-04-07,19,바람 바람 바람
1613,2018-04-08,37,바람 바람 바람
1614,2018-04-09,25,바람 바람 바람
1615,2018-04-10,19,바람 바람 바람
1616,2018-04-11,27,바람 바람 바람
1617,2018-05-01,11,챔피언
1618,2018-05-02,33,챔피언
1619,2018-05-03,33,챔피언
1620,2018-05-04,24,챔피언
1621,2018-05-05,28,챔피언
1622,2018-05-06,23,챔피언
1623,2018-05-07,11,챔피언
1624,2018-01-31,40,염력
1625,2018-02-01,47,염력
1626,2018-02-02,37,염력
1627,2018-02-03,41,염력
1628,2018-02-04,20,염력
1629,2018-02-05,33,염력
1630,2018-02-06,25,염력
1631,2018-07-25,47,인랑
1632,2018-07-26,46,인랑
1633,2018-07-27,45,인랑
1634,2018-07-28,33,인랑
1635,2018-07-29,18,인랑
1636,2018-07-30,37,인랑
1637,2018-07-31,18,인랑
1638,2018-05-09,24,레슬러
1639,2018-05-10,29,레슬러
1640,2018-05-11,25,레슬러
1641,2018-05-12,24,레슬러
1642,2018-05-13,30,레슬러
1643,2018-05-14,16,레슬러
1644,2018-05-15,17,레슬러
1645,2018-08-29,37,상류사회
1646,2018-08-30,40,상류사회
1647,2018-08-31,26,상류사회
1648,2018-09-01,22,상류사회
1649,2018-09-02,21,상류사회
1650,2018-09-03,20,상류사회
1651,2018-09-04,12,상류사회
1652,2018-09-12,33,물괴
1653,2018-09-13,41,물괴
1654,2018-09-14,41,물괴
1655,2018-09-15,37,물괴
1656,2018-09-16,39,물괴
1657,2018-09-17,38,물괴
1658,2018-09-18,25,물괴
1659,2018-10-11,35,미쓰백
1660,2018-10-12,34,미쓰백
1661,2018-10-13,42,미쓰백
1662,2018-10-14,35,미쓰백
1663,2018-10-15,41,미쓰백
1664,2018-10-16,54,미쓰백
1665,2018-10-17,34,미쓰백
1666,2018-05-17,42,버닝
1667,2018-05-18,38,버닝
1668,2018-05-19,34,버닝
1669,2018-05-20,47,버닝
1670,2018-05-21,37,버닝
1671,2018-05-22,34,버닝
1672,2018-05-23,40,버닝
1673,2018-03-28,36,7년의 밤
1674,2018-03-29,32,7년의 밤
1675,2018-03-30,36,7년의 밤
1676,2018-03-31,28,7년의 밤
1677,2018-04-01,25,7년의 밤
1678,2018-04-02,18,7년의 밤
1679,2018-04-03,17,7년의 밤
1680,2018-07-04,35,변산
1681,2018-07-05,36,변산
1682,2018-07-06,30,변산
1683,2018-07-07,35,변산
1684,2018-07-08,24,변산
1685,2018-07-09,22,변산
1686,2018-07-10,27,변산
1687,2018-11-07,22,동네사람들
1688,2018-11-08,20,동네사람들
1689,2018-11-09,19,동네사람들
1690,2018-11-10,20,동네사람들
1691,2018-11-11,11,동네사람들
1692,2018-11-12,13,동네사람들
1693,2018-11-13,9,동네사람들
1694,2018-09-26,23,원더풀 고스트
1695,2018-09-27,7,원더풀 고스트
1696,2018-09-28,12,원더풀 고스트
1697,2018-09-29,16,원더풀 고스트
1698,2018-09-30,10,원더풀 고스트
1699,2018-10-01,2,원더풀 고스트
1700,2018-10-02,5,원더풀 고스트
1701,2018-02-14,36,흥부
1702,2018-02-15,31,흥부
1703,2018-02-16,35,흥부
1704,2018-02-17,32,흥부
1705,2018-02-18,25,흥부
1706,2018-02-19,13,흥부
1707,2018-02-20,12,흥부
1708,2018-12-05,37,도어락
1709,2018-12-06,37,도어락
1710,2018-12-07,39,도어락
1711,2018-12-08,33,도어락
1712,2018-12-09,27,도어락
1713,2018-12-10,37,도어락
1714,2018-12-11,31,도어락
1715,2018-06-27,35,허스토리
1716,2018-06-28,35,허스토리
1717,2018-06-29,34,허스토리
1718,2018-06-30,32,허스토리
1719,2018-07-01,46,허스토리
1720,2018-07-02,28,허스토리
1721,2018-07-03,20,허스토리
1722,2018-04-05,19,덕구
1723,2018-04-06,16,덕구
1724,2018-04-07,27,덕구
1725,2018-04-08,12,덕구
1726,2018-04-09,7,덕구
1727,2018-04-10,11,덕구
1728,2018-04-11,10,덕구
1729,2018-11-15,32,번 더 스테이지
1730,2018-11-16,24,번 더 스테이지
1731,2018-11-17,21,번 더 스테이지
1732,2018-11-18,20,번 더 스테이지
1733,2018-11-19,20,번 더 스테이지
1734,2018-11-20,11,번 더 스테이지
1735,2018-11-21,3,번 더 스테이지
1736,2018-03-14,23,치즈인더트랩
1737,2018-03-15,25,치즈인더트랩
1738,2018-03-16,29,치즈인더트랩
1739,2018-03-17,21,치즈인더트랩
1740,2018-03-18,23,치즈인더트랩
1741,2018-03-19,12,치즈인더트랩
1742,2018-03-20,8,치즈인더트랩
1743,2018-07-13,33,속닥속닥
1744,2018-07-14,29,속닥속닥
1745,2018-07-15,28,속닥속닥
1746,2018-07-16,13,속닥속닥
1747,2018-07-17,7,속닥속닥
1748,2018-07-18,6,속닥속닥
1749,2018-07-19,6,속닥속닥
1750,2018-04-19,16,나를 기억해
1751,2018-04-20,10,나를 기억해
1752,2018-04-21,10,나를 기억해
1753,2018-04-22,17,나를 기억해
1754,2018-04-23,6,나를 기억해
1755,2018-04-24,13,나를 기억해
1756,2018-04-25,1,나를 기억해
1757,2018-07-18,33,독전
1758,2018-07-19,19,독전
1759,2018-07-20,26,독전
1760,2018-07-21,35,독전
1761,2018-07-22,25,독전
1762,2018-07-23,23,독전
1763,2018-07-24,22,독전
1764,2018-02-28,6,게이트
1765,2018-03-01,8,게이트
1766,2018-03-02,4,게이트
1767,2018-03-03,9,게이트
1768,2018-03-04,5,게이트
1769,2018-03-05,0,게이트
1770,2018-03-06,1,게이트
1771,2018-06-20,0,여중생A
1772,2018-06-21,0,여중생A
1773,2018-06-22,0,여중생A
1774,2018-06-23,0,여중생A
1775,2018-06-24,0,여중생A
1776,2018-06-25,0,여중생A
1777,2018-06-26,0,여중생A
1778,2018-11-08,30,여곡성
1779,2018-11-09,22,여곡성
1780,2018-11-10,20,여곡성
1781,2018-11-11,18,여곡성
1782,2018-11-12,13,여곡성
1783,2018-11-13,15,여곡성
1784,2018-11-14,10,여곡성
1785,2018-04-05,1,번개맨과 신비의 섬
1786,2018-04-06,1,번개맨과 신비의 섬
1787,2018-04-07,0,번개맨과 신비의 섬
1788,2018-04-08,0,번개맨과 신비의 섬
1789,2018-04-09,0,번개맨과 신비의 섬
1790,2018-04-10,1,번개맨과 신비의 섬
1791,2018-04-11,1,번개맨과 신비의 섬
1792,2018-04-12,4,머니백
1793,2018-04-13,6,머니백
1794,2018-04-14,14,머니백
1795,2018-04-15,8,머니백
1796,2018-04-16,4,머니백
1797,2018-04-17,2,머니백
1798,2018-04-18,1,머니백
1799,2018-05-30,24,데자뷰
1800,2018-05-31,6,데자뷰
1801,2018-06-01,4,데자뷰
1802,2018-06-02,6,데자뷰
1803,2018-06-03,3,데자뷰
1804,2018-06-04,3,데자뷰
1805,2018-06-05,5,데자뷰
1806,2018-01-24,10,비밥바룰라
1807,2018-01-25,3,비밥바룰라
1808,2018-01-26,4,비밥바룰라
1809,2018-01-27,5,비밥바룰라
1810,2018-01-28,2,비밥바룰라
1811,2018-01-29,1,비밥바룰라
1812,2018-01-30,1,비밥바룰라
1813,2018-10-18,11,배반의 장미
1814,2018-10-19,6,배반의 장미
1815,2018-10-20,11,배반의 장미
1816,2018-10-21,7,배반의 장미
1817,2018-10-22,8,배반의 장미
1818,2018-10-23,0,배반의 장미
1819,2018-10-24,2,배반의 장미
1820,2018-11-15,8,해피 투게더
1821,2018-11-16,4,해피 투게더
1822,2018-11-17,5,해피 투게더
1823,2018-11-18,6,해피 투게더
1824,2018-11-19,0,해피 투게더
1825,2018-11-20,1,해피 투게더
1826,2018-11-21,3,해피 투게더
1827,2018-12-06,0,번개맨의 비밀
1828,2018-12-07,1,번개맨의 비밀
1829,2018-12-08,0,번개맨의 비밀
1830,2018-12-09,0,번개맨의 비밀
1831,2018-12-10,0,번개맨의 비밀
1832,2018-12-11,0,번개맨의 비밀
1833,2018-12-12,0,번개맨의 비밀
