,영화명,개봉일,관객수,장르,상영등급,기사수,감독수상,감독파워,배우수상,배우파워,개봉전트윗,개봉후트윗,holiday,season,개봉이전_스크린수,개봉이전_상영횟수,개봉이전_관객수,개봉평균스크린수,개봉평균상영횟수,개봉평균관객수,배급사크기
0,명량,20140730,17613682,사극,15세 관람가,56134,28,2,32,11,263,320,1,2,37.0,157.0,22500.0,1220,6368,751736,big
1,해적: 바다로 간 산적,20140806,8666046,어드벤처,12세 관람가,22656,9,4,19,4,230,289,1,2,27.0,167.0,35335.0,790,3949,275246,big
2,수상한 그녀,20140122,8657982,드라마,15세 관람가,61925,27,2,21,11,223,264,1,4,19.0,149.0,31394.0,592,2773,152346,big
3,국제시장,20141217,5345677,드라마,12세 관람가,53038,37,2,14,19,150,251,0,4,68.0,236.0,33048.0,950,4526,208295,big
4,군도: 민란의 시대,20140723,4774931,사극,15세 관람가,21502,24,0,23,16,199,278,1,2,44.0,72.0,13964.0,1272,6422,479762,big
5,타짜-신의 손,20140903,4015361,드라마,청소년 관람불가,19273,16,2,4,3,265,261,0,3,28.0,84.0,16803.0,794,3373,175216,big
6,역린,20140430,3849552,사극,15세 관람가,17528,0,2,14,5,208,274,0,1,25.0,35.0,6366.0,987,4821,301345,big
7,신의 한 수,20140703,3566852,범죄,청소년 관람불가,190686,0,0,11,8,82,115,1,2,504.0,1320.0,73945.0,724,3772,250940,big
8,끝까지 간다,20140529,3450305,액션,15세 관람가,41217,12,1,6,5,81,219,0,1,107.0,300.0,26472.0,633,3305,136419,big
9,표적,20140430,2841828,액션,15세 관람가,23813,1,0,7,6,120,261,0,1,18.0,34.0,7010.0,608,3167,134013,big
10,나의 사랑 나의 신부,20141008,2141155,멜로/로맨스,15세 관람가,13586,1,0,1,1,79,183,0,3,81.0,212.0,12831.0,591,3029,134674,small
11,남자가 사랑할 때,20140122,1979311,멜로/로맨스,15세 관람가,9097,0,0,16,7,150,217,1,4,11.0,29.0,6982.0,497,2233,94318,big
12,기술자들,20141224,1778083,범죄,15세 관람가,21944,1,0,3,5,169,252,0,4,477.0,1409.0,63883.0,628,3144,288577,big
13,제보자,20141002,1755181,드라마,12세 관람가,13903,15,0,18,12,201,275,0,3,25.0,104.0,21156.0,662,3456,169964,mid
14,피끓는 청춘,20140122,1676040,코미디,15세 관람가,6921,1,0,11,3,161,205,1,4,22.0,43.0,8566.0,596,2783,142400,big
15,두근두근 내 인생,20140903,1624601,드라마,12세 관람가,11258,7,0,5,7,119,184,0,3,36.0,96.0,13610.0,615,2932,87550,big
16,우아한 거짓말,20140313,1619188,드라마,12세 관람가,14524,3,2,3,7,107,217,0,1,62.0,149.0,15982.0,508,2519,106321,mid
17,해무(海霧),20140813,1475507,드라마,청소년 관람불가,157,9,0,23,16,244,314,1,2,18.0,54.0,12091.0,570,2976,187324,big
18,인간중독,20140514,1441973,멜로/로맨스,청소년 관람불가,25409,18,0,3,1,207,255,0,1,10.0,18.0,4679.0,607,2818,107733,big
19,찌라시: 위험한 소문,20140220,1221427,범죄,15세 관람가,3938,2,2,4,11,148,93,1,4,9.0,26.0,4631.0,499,2313,120987,big
20,빅매치,20141127,1177438,액션,15세 관람가,10132,10,0,14,9,171,218,0,3,446.0,1132.0,60677.0,623,2999,112346,big
21,슬로우 비디오,20141002,1169562,드라마,12세 관람가,5936,2,0,3,2,140,266,0,3,17.0,67.0,11947.0,609,3338,167735,small
22,방황하는 칼날,20140410,989906,범죄,청소년 관람불가,4496,3,0,12,4,110,215,0,1,12.0,43.0,7863.0,531,2451,102813,big
23,우리는 형제입니다,20141023,970373,코미디,12세 관람가,10506,10,0,11,6,53,226,0,3,69.0,119.0,4348.0,532,2737,92928,big
24,카트,20141113,812490,드라마,12세 관람가,18289,5,0,12,6,135,294,0,3,51.0,195.0,30423.0,538,2659,94774,mid
25,관능의 법칙,20140213,781516,드라마,청소년 관람불가,7556,4,0,20,3,76,131,1,4,22.0,103.0,21016.0,570,2651,80500,big
26,상의원,20141224,676632,사극,15세 관람가,13202,3,0,6,4,90,211,0,4,77.0,206.0,18634.0,457,2037,118391,big
27,플랜맨,20140109,632299,드라마,15세 관람가,4349,0,0,13,3,77,169,1,4,46.0,83.0,16573.0,444,2019,74127,big
28,우는 남자,20140604,603495,액션,청소년 관람불가,12694,19,1,4,1,82,115,0,2,408.0,1128.0,47328.0,496,2355,94357,big
29,패션왕,20141106,594871,코미디,15세 관람가,14115,1,0,0,1,98,203,0,3,12.0,17.0,3869.0,518,2334,76569,big
30,황제를 위하여,20140611,592435,액션,청소년 관람불가,5908,0,0,1,5,55,158,0,2,4.0,12.0,2847.0,383,1774,48924,small
31,몬스터,20140313,526557,스릴러,청소년 관람불가,39560,0,0,1,3,101,200,0,1,7.0,11.0,2366.0,495,2406,88710,big
32,또 하나의 약속,20140206,497613,드라마,12세 관람가,23347,0,0,14,12,134,304,1,4,26.0,48.0,9266.0,173,718,37233,small
33,소녀괴담,20140702,481696,미스터리,15세 관람가,6683,2,0,2,1,52,124,1,2,7.0,13.0,2168.0,385,1717,47954,mid
34,조선미녀삼총사,20140129,480361,코미디,12세 관람가,5580,1,0,11,4,54,126,1,4,19.0,37.0,6799.0,383,1738,75149,big
35,마담 뺑덕,20141002,471172,멜로/로맨스,청소년 관람불가,12554,1,0,4,4,47,55,0,3,21.0,49.0,8522.0,506,2481,73962,big
36,좋은 친구들,20140710,407228,범죄,청소년 관람불가,9783,0,0,1,4,91,140,1,2,336.0,1853.0,40584.0,357,1710,44484,big
37,나의 독재자,20141030,385932,드라마,15세 관람가,9345,10,0,29,8,55,168,0,3,474.0,1096.0,29256.0,640,2899,58488,big
38,하이힐,20140603,341634,범죄,청소년 관람불가,15447,10,0,3,2,110,211,0,2,27.0,36.0,6369.0,350,1360,30718,big
39,레드카펫,20141023,316953,멜로/로맨스,15세 관람가,287654,0,0,1,1,104,168,0,3,24.0,50.0,6916.0,379,1724,33981,small
40,덕수리 5형제,20141204,210777,코미디,15세 관람가,4223,0,0,4,0,65,85,0,4,13.0,32.0,5647.0,337,1320,27971,big
41,아빠를 빌려드립니다,20141120,172652,코미디,12세 관람가,3861,0,0,3,9,54,50,0,3,91.0,120.0,7052.0,324,1096,21753,mid
42,가시,20140410,142170,멜로/로맨스,청소년 관람불가,30687,9,0,0,0,102,172,0,1,7.0,17.0,3618.0,339,1602,22760,small
43,맨홀,20141008,133663,공포(호러),청소년 관람불가,4750,0,0,12,3,30,159,0,3,11.0,17.0,3931.0,283,1351,22901,big
44,터널 3D,20140820,80989,공포(호러),15세 관람가,5947,0,0,0,0,0,0,1,2,6.0,17.0,3571.0,259,813,12290,small
45,설계,20140918,45726,스릴러,청소년 관람불가,92767,0,0,0,0,32,28,0,3,2.0,6.0,1635.0,252,832,7511,small
46,백프로,20140403,37909,코미디,15세 관람가,1985,0,0,15,12,74,103,0,1,6.0,8.0,1507.0,229,803,6621,small
47,베테랑,20150805,13414009,액션,15세 관람가,93360,47,6,34,34,120,296,1,2,39.0,145.0,25421.0,961,5068,432293,big
48,암살,20150722,12705700,액션,15세 관람가,81348,40,4,34,18,119,298,1,2,37.0,64.0,14375.0,1321,6518,485275,big
49,내부자들,20151119,7055332,범죄,청소년 관람불가,35719,16,2,35,15,84,263,0,3,712.0,1814.0,113784.0,977,4796,334656,big
50,사도,20150916,6246849,사극,12세 관람가,42818,97,8,39,15,131,284,0,3,15.0,63.0,14455.0,1172,6405,251862,big
51,연평해전,20150624,6043784,드라마,12세 관람가,17579,9,1,4,6,86,294,0,2,42.0,81.0,9223.0,744,3377,184007,big
52,검은 사제들,20151105,5442128,미스터리,15세 관람가,19521,10,1,19,14,105,270,0,3,19.0,39.0,7584.0,928,5209,348541,big
53,히말라야,20151216,5129409,드라마,12세 관람가,23893,9,4,16,8,111,252,0,4,77.0,168.0,26776.0,998,4860,212298,big
54,조선명탐정 : 사라진 놉의 딸,20150211,3872015,사극,12세 관람가,7541,1,0,7,14,66,169,1,4,14.0,34.0,8202.0,758,3766,120452,big
55,스물,20150325,3044811,코미디,15세 관람가,23837,2,0,3,3,122,301,0,1,58.0,167.0,18501.0,815,4459,141856,big
56,극비수사,20150618,2860786,드라마,15세 관람가,10789,15,0,21,17,75,231,0,2,18.0,37.0,6663.0,795,4400,266634,big
57,탐정 : 더 비기닝,20150924,2625686,코미디,15세 관람가,6376,2,0,1,5,87,235,0,3,49.0,200.0,24775.0,503,2291,109452,big
58,악의 연대기,20150514,2192525,스릴러,15세 관람가,10953,1,0,5,8,72,182,0,1,22.0,65.0,12711.0,728,4077,192272,big
59,강남 1970,20150121,2192276,액션,청소년 관람불가,20733,15,0,5,0,89,203,1,4,12.0,48.0,10822.0,710,2902,143139,big
60,뷰티 인사이드,20150820,2053435,판타지,12세 관람가,23636,0,0,30,27,48,111,1,2,81.0,237.0,29229.0,642,2857,139655,big
61,오늘의 연애,20150114,1891993,멜로/로맨스,15세 관람가,17057,19,0,2,2,127,227,1,4,9.0,35.0,7684.0,600,2922,148242,big
62,쎄시봉,20150205,1715370,멜로/로맨스,15세 관람가,14729,25,0,23,14,96,226,1,4,25.0,66.0,11447.0,786,4039,140566,big
63,더 폰,20151022,1593694,스릴러,15세 관람가,6409,2,0,8,8,51,160,0,3,37.0,88.0,18634.0,749,3607,159948,big
64,대호,20151216,1584168,사극,12세 관람가,15321,11,0,20,2,106,328,0,4,27.0,92.0,19064.0,862,3676,117563,big
65,차이나타운,20150429,1472106,범죄,청소년 관람불가,23441,6,0,15,5,80,260,0,1,22.0,39.0,6348.0,479,2208,104813,mid
66,장수상회,20150409,1165780,멜로/로맨스,12세 관람가,9525,30,2,8,6,105,238,0,1,38.0,116.0,17046.0,660,3257,76224,big
67,성난 변호사,20151008,1128288,범죄,15세 관람가,5356,2,0,0,2,46,118,0,3,65.0,123.0,13682.0,592,2768,135724,big
68,간신,20150521,1110246,사극,청소년 관람불가,14926,8,0,4,7,113,262,0,1,10.0,40.0,8947.0,681,3100,108364,big
69,그놈이다,20151028,1046015,스릴러,15세 관람가,14737,0,0,7,10,68,182,0,3,17.0,39.0,6343.0,547,2548,85084,mid
70,미쓰 와이프,20150813,988451,코미디,15세 관람가,9913,0,0,6,1,67,250,1,2,32.0,101.0,15981.0,417,1525,77215,mid
71,허삼관,20150114,955679,드라마,12세 관람가,11846,18,0,27,10,97,226,1,4,37.0,53.0,7868.0,595,2672,81625,big
72,살인의뢰,20150312,855980,범죄,청소년 관람불가,4746,0,0,6,8,62,177,0,1,9.0,25.0,6359.0,545,2752,118786,small
73,손님,20150709,828025,판타지,15세 관람가,73856,0,0,14,8,120,228,1,2,18.0,40.0,7612.0,578,2593,146429,big
74,열정같은소리하고있네,20151125,654102,드라마,15세 관람가,6445,3,0,22,4,52,94,0,3,22.0,53.0,10298.0,558,2584,54359,big
75,특종: 량첸살인기,20151022,616481,스릴러,15세 관람가,5544,3,0,1,1,67,170,0,3,34.0,120.0,24712.0,762,3599,90570,big
76,서부전선,20150924,609063,전쟁,12세 관람가,6398,0,0,25,6,110,169,0,3,10.0,18.0,4899.0,494,2097,58632,big
77,헬머니,20150305,522929,코미디,청소년 관람불가,3301,0,0,3,5,55,59,0,1,12.0,18.0,3904.0,390,1973,50648,big
78,위험한 상견례 2,20150429,472693,멜로/로맨스,15세 관람가,7415,0,0,0,4,57,53,0,1,13.0,28.0,5687.0,396,1287,30961,big
79,순수의 시대,20150305,469891,사극,청소년 관람불가,10096,2,0,5,2,85,138,0,1,23.0,51.0,10127.0,527,2666,76609,big
80,오피스,20150903,441208,스릴러,15세 관람가,214023,3,0,2,6,91,189,0,3,14.0,70.0,13061.0,402,1859,60307,mid
81,"협녀, 칼의 기억",20150813,431310,사극,15세 관람가,10491,7,0,22,6,58,133,1,2,11.0,28.0,6453.0,544,2327,88307,big
82,무뢰한,20150527,414641,멜로/로맨스,청소년 관람불가,14066,8,0,0,5,67,237,0,1,21.0,46.0,8043.0,477,2297,42740,mid
83,내 심장을 쏴라,20150128,387409,드라마,15세 관람가,6833,0,0,4,2,79,111,1,4,8.0,21.0,3969.0,431,2194,48177,mid
84,소수의견,20150624,383582,드라마,15세 관람가,14201,7,0,8,11,127,268,0,2,31.0,71.0,16758.0,385,1777,31114,small
85,경성학교: 사라진 소녀들,20150618,356415,미스터리,15세 관람가,7048,13,3,25,7,120,228,0,2,6.0,11.0,2758.0,478,2448,64030,big
86,치외법권,20150827,346483,액션,15세 관람가,6302,0,0,3,0,68,88,1,2,8.0,27.0,5650.0,427,2018,58081,small
87,극적인 하룻밤,20151203,320884,멜로/로맨스,청소년 관람불가,7220,0,0,1,5,30,27,0,4,2.0,7.0,1362.0,406,1891,42067,mid
88,도리화가,20151125,317505,사극,12세 관람가,11834,0,0,6,4,113,178,0,3,20.0,33.0,6760.0,552,2344,41136,big
89,함정,20150910,257990,스릴러,청소년 관람불가,16927,0,0,1,5,62,87,0,3,13.0,43.0,9178.0,399,1318,45629,small
90,조선마술사,20151230,224657,드라마,12세 관람가,10861,11,0,0,0,111,174,0,4,9.0,16.0,4472.0,595,2408,121750,big
91,연애의 맛,20150507,214539,멜로/로맨스,청소년 관람불가,11278,0,0,0,0,23,237,0,1,5.0,11.0,2385.0,395,1428,26883,small
92,내부자들: 디 오리지널,20151231,160148,범죄,청소년 관람불가,3497,16,2,35,15,117,252,0,4,3.0,7.0,1082.0,751,1899,213293,big
93,은밀한 유혹,20150604,145547,멜로/로맨스,15세 관람가,6834,0,0,5,3,68,78,0,2,12.0,14.0,3366.0,390,1952,23333,big
94,나의 절친 악당들,20150625,133553,범죄,청소년 관람불가,5834,25,0,4,1,36,63,0,2,17.0,27.0,3776.0,374,1434,23924,small
95,퇴마: 무녀굴,20150820,120802,공포(호러),15세 관람가,4891,5,0,5,3,35,46,1,2,8.0,20.0,4043.0,326,910,21695,small
96,돌연변이,20151022,100523,드라마,12세 관람가,14361,0,0,11,2,76,107,0,3,8.0,26.0,4742.0,378,1064,16863,small
97,쓰리 썸머 나잇,20150715,77621,코미디,청소년 관람불가,4146,8,0,4,8,67,11,1,2,8.0,16.0,3243.0,295,884,11383,mid
98,미안해 사랑해 고마워,20151028,51207,드라마,15세 관람가,3672,1,0,5,1,22,29,0,3,9.0,14.0,3985.0,339,946,6365,big
99,비밀,20151015,50196,미스터리,15세 관람가,337082,0,0,1,7,98,151,0,3,3.0,12.0,1959.0,302,761,8970,mid
100,약장수,20150423,44214,드라마,15세 관람가,3157,1,0,4,10,20,36,0,1,6.0,14.0,3203.0,277,627,5402,small
101,타투,20151210,12102,스릴러,청소년 관람불가,5260,1,0,0,1,9,8,0,4,1.0,2.0,517.0,115,187,1971,small
102,검은손,20150416,11650,공포(호러),청소년 관람불가,10926,0,0,0,0,14,8,0,1,1.0,1.0,326.0,174,419,2035,small
103,부산행,20160720,11565479,액션,15세 관람가,38862,21,2,22,22,135,311,1,2,431.0,2698.0,565286.0,1617,9141,758287,big
104,검사외전,20160203,9707581,범죄,15세 관람가,17261,0,1,21,14,117,276,1,4,20.0,48.0,13008.0,1381,7316,534500,big
105,밀정,20160907,7500420,액션,15세 관람가,22277,37,4,30,13,119,289,0,3,24.0,93.0,18533.0,1266,5738,295076,small
106,터널,20160810,7120508,드라마,12세 관람가,40254,18,0,33,25,132,316,1,2,24.0,80.0,20854.0,864,4043,382612,big
107,인천상륙작전,20160727,7049643,전쟁,12세 관람가,22250,8,2,16,9,118,307,1,2,32.0,76.0,12711.0,915,4845,408145,big
108,럭키,20161013,6975290,코미디,15세 관람가,17297,1,1,11,13,107,254,0,3,345.0,1388.0,146036.0,975,5045,387523,big
109,곡성,20160512,6879908,미스터리,15세 관람가,27560,52,2,28,14,133,355,0,1,895.0,2176.0,176514.0,1282,5448,493687,small
110,덕혜옹주,20160803,5599229,사극,12세 관람가,17599,25,1,26,6,130,273,1,2,24.0,90.0,14943.0,790,3400,267970,big
111,마스터,20161221,4935320,액션,15세 관람가,53757,3,2,42,34,117,283,0,4,35.0,129.0,23444.0,1446,6752,385750,big
112,판도라,20161207,4313864,드라마,12세 관람가,15983,4,0,10,10,125,261,0,4,28.0,78.0,18372.0,1063,4812,176673,big
113,아가씨,20160601,4287839,스릴러,청소년 관람불가,47445,91,0,31,15,129,348,0,2,30.0,55.0,10768.0,1069,4876,287622,big
114,귀향,20160224,3587173,드라마,15세 관람가,15354,7,0,0,2,135,329,1,4,4.0,15.0,3772.0,203,351,1663,small
115,형,20161123,2979659,코미디,12세 관람가,163306,2,0,3,4,131,301,0,3,46.0,99.0,20515.0,866,3897,125682,big
116,아수라,20160928,2594028,범죄,청소년 관람불가,23131,15,0,25,18,132,287,0,3,44.0,122.0,24846.0,1231,5871,317054,big
117,굿바이 싱글,20160629,2108273,코미디,15세 관람가,8531,2,0,14,8,37,183,0,2,56.0,153.0,31562.0,680,3128,118294,big
118,봉이 김선달,20160706,2051277,사극,12세 관람가,6222,3,0,6,7,60,179,1,2,15.0,66.0,12393.0,774,3461,137496,big
119,탐정 홍길동: 사라진 마을,20160504,1430885,드라마,15세 관람가,4705,6,1,5,1,60,187,0,1,24.0,53.0,9080.0,691,2884,154601,big
120,특별수사: 사형수의 편지,20160616,1241899,범죄,15세 관람가,5017,0,0,9,13,122,241,0,2,35.0,186.0,32749.0,677,3108,113779,big
121,시간이탈자,20160413,1202384,스릴러,15세 관람가,7319,8,0,6,4,73,168,0,1,37.0,70.0,12265.0,666,3281,87412,big
122,동주,20160217,1172641,드라마,12세 관람가,20580,97,8,7,4,128,281,1,4,7.0,24.0,5398.0,387,1124,27376,mid
123,미씽: 사라진 여자,20161130,1153109,미스터리,15세 관람가,7435,4,0,6,2,102,295,0,3,17.0,42.0,6642.0,669,3104,114329,mid
124,"당신, 거기 있어줄래요",20161214,1124815,판타지,12세 관람가,6878,2,0,17,8,95,185,0,4,43.0,100.0,18045.0,762,3626,96580,big
125,오빠생각,20160121,1069864,드라마,12세 관람가,39124,3,2,4,3,93,223,1,4,83.0,167.0,24951.0,849,4144,110340,big
126,"날, 보러와요",20160407,1063442,미스터리,청소년 관람불가,10263,0,0,0,4,55,123,0,1,5.0,18.0,4541.0,534,2472,69742,mid
127,"고산자, 대동여지도",20160907,974262,사극,전체 관람가,6543,44,1,3,1,76,86,0,3,39.0,92.0,20623.0,761,3138,33818,big
128,좋아해줘,20160217,848148,멜로/로맨스,12세 관람가,12343,1,0,8,6,71,223,1,4,19.0,54.0,11969.0,617,2576,73689,big
129,스플릿,20161109,758195,드라마,15세 관람가,4978,0,0,5,5,76,130,0,3,47.0,103.0,20583.0,597,2651,51327,small
130,국가대표 2,20160810,709929,드라마,12세 관람가,34983,0,0,7,14,70,119,1,2,29.0,173.0,28848.0,551,2337,58270,mid
131,그날의 분위기,20160114,653287,멜로/로맨스,15세 관람가,17341,0,0,2,2,49,83,1,4,10.0,33.0,7519.0,584,2766,82374,big
132,사냥,20160629,645922,액션,15세 관람가,50370,0,0,6,6,95,202,0,2,10.0,20.0,5535.0,684,3615,99827,big
133,널 기다리며,20160310,635235,스릴러,청소년 관람불가,4296,1,0,5,8,50,264,0,1,8.0,16.0,3662.0,492,2388,67352,big
134,가려진 시간,20161116,510878,드라마,12세 관람가,9517,3,0,5,8,78,231,0,3,215.0,362.0,19152.0,859,3755,61061,big
135,해어화,20160413,485695,사극,15세 관람가,9053,7,0,11,9,91,175,0,1,19.0,42.0,7841.0,553,2496,43544,big
136,계춘할망,20160519,482516,가족,15세 관람가,6959,1,0,18,0,49,138,0,1,25.0,102.0,15115.0,508,1770,44916,small
137,"로봇, 소리",20160127,476665,드라마,12세 관람가,12118,4,0,8,12,65,171,1,4,147.0,548.0,36250.0,594,2554,38850,big
138,위대한 소원,20160421,308398,코미디,15세 관람가,3418,0,0,2,2,48,40,0,1,445.0,1433.0,25610.0,523,2799,42259,big
139,혼숨,20161026,288016,공포(호러),15세 관람가,584,0,0,2,2,32,68,0,3,3.0,7.0,1450.0,439,1024,28613,small
140,비밀은 없다,20160623,250829,스릴러,청소년 관람불가,46745,16,0,21,5,58,258,0,2,9.0,22.0,3067.0,479,2246,49766,big
141,순정,20160224,240484,드라마,12세 관람가,43766,0,0,2,9,130,254,1,4,22.0,124.0,24445.0,447,1529,32843,mid
142,남과 여,20160225,203775,멜로/로맨스,청소년 관람불가,8609,8,0,1,2,82,215,1,4,14.0,29.0,7640.0,437,1387,29796,big
143,대배우,20160330,169984,코미디,12세 관람가,8264,1,0,18,25,53,79,0,1,11.0,18.0,4057.0,465,2025,21721,small
144,무서운 이야기 3 : 화성에서 온 소녀,20160601,97804,공포(호러),15세 관람가,2236,0,0,5,1,28,26,0,2,3.0,9.0,2389.0,309,822,11055,big
145,걷기왕,20161020,95542,드라마,12세 관람가,3451,1,0,5,3,87,211,0,3,366.0,905.0,10913.0,447,1537,12075,mid
146,엽기적인 그녀 2,20160512,77124,멜로/로맨스,15세 관람가,9436,3,0,3,2,25,20,0,1,4.0,17.0,2408.0,383,979,14398,mid
147,번개맨,20160211,69363,판타지,전체 관람가,1231,9,0,0,0,44,54,1,4,5.0,16.0,3071.0,363,766,10570,mid
148,올레,20160825,66883,드라마,15세 관람가,29095,1,0,9,2,88,101,1,2,7.0,19.0,2822.0,334,814,12017,small
149,두 남자,20161130,60365,범죄,청소년 관람불가,54356,0,0,1,5,113,176,0,3,11.0,23.0,4185.0,389,1268,9465,mid
150,목숨 건 연애,20161214,47805,멜로/로맨스,15세 관람가,6511,0,0,9,1,47,28,0,4,7.0,15.0,3279.0,384,1013,7178,small
151,트릭,20160713,38262,스릴러,15세 관람가,8342,0,0,0,2,72,57,1,2,7.0,13.0,1924.0,384,1130,6305,small
152,대결,20160922,32278,액션,15세 관람가,167636,0,0,1,0,57,61,0,3,4.0,8.0,1812.0,359,996,5387,small
153,인천상륙작전 : 익스텐디드 에디션(확장판),20160913,27070,전쟁,15세 관람가,349,8,2,16,9,84,78,0,3,3.0,4.0,549.0,107,178,3597,big
154,히야,20160310,21687,드라마,12세 관람가,1749,1,0,3,4,101,204,0,1,5.0,7.0,1507.0,124,222,3607,small
155,무수단,20160303,15882,미스터리,15세 관람가,3330,0,0,1,0,30,36,0,1,5.0,8.0,1496.0,227,417,2836,small
156,택시운전사,20170802,12186327,드라마,15세 관람가,30684,45,2,39,25,136,283,1,2,83.0,477.0,86713.0,1558,7403,685660,big
157,신과함께-죄와 벌,20171220,8539495,판타지,12세 관람가,18519,38,8,28,26,113,333,0,4,34.0,62.0,16199.0,1591,7077,435208,big
158,공조,20170118,7817618,액션,15세 관람가,33457,3,2,9,13,123,249,1,4,24.0,92.0,14606.0,918,4166,151176,big
159,범죄도시,20171003,6879841,범죄,청소년 관람불가,35216,6,1,2,6,43,228,0,3,35.0,156.0,30408.0,719,2608,216025,mid
160,군함도,20170726,6592151,액션,15세 관람가,27214,47,6,32,16,127,331,1,2,34.0,98.0,21629.0,1992,10305,704664,big
161,청년경찰,20170809,5653270,액션,15세 관람가,24506,3,1,5,2,104,279,1,2,26.0,192.0,36656.0,1071,5750,296600,big
162,더 킹,20170118,5317693,범죄,15세 관람가,26041,30,2,18,15,96,238,1,4,26.0,72.0,14012.0,1153,5458,262844,big
163,꾼,20171122,4018035,범죄,15세 관람가,14127,0,0,1,9,101,219,0,3,49.0,189.0,38739.0,1219,6451,233856,big
164,강철비,20171214,4014293,액션,15세 관람가,11193,28,1,8,7,91,228,0,4,41.0,99.0,16112.0,1318,5601,355068,big
165,남한산성,20171003,3849087,사극,15세 관람가,15819,27,2,49,17,138,241,0,3,40.0,155.0,28918.0,1165,5400,532368,big
166,아이 캔 스피크,20170921,3279296,코미디,12세 관람가,9984,25,0,15,1,74,212,0,3,37.0,162.0,31512.0,1056,5521,150492,big
167,프리즌,20170323,2931897,범죄,청소년 관람불가,9416,3,0,5,2,120,194,0,1,871.0,2563.0,108154.0,966,4525,255214,big
168,살인자의 기억법,20170906,2658589,범죄,15세 관람가,9052,10,0,30,21,142,235,0,3,7.0,17.0,4720.0,938,4495,158263,big
169,보안관,20170503,2588628,범죄,15세 관람가,11809,0,0,12,8,107,225,0,1,31.0,123.0,22154.0,768,2869,227323,big
170,조작된 도시,20170209,2515501,범죄,15세 관람가,12437,7,1,5,3,80,235,1,4,34.0,98.0,18203.0,867,3927,232533,big
171,재심,20170215,2421197,드라마,15세 관람가,12295,0,0,10,6,87,253,1,4,15.0,63.0,13133.0,782,3720,137758,small
172,박열,20170628,2359206,드라마,12세 관람가,13843,97,8,0,2,127,276,0,2,29.0,119.0,19175.0,992,4546,172474,mid
173,1987,20171227,1942077,드라마,15세 관람가,60507,31,1,40,22,135,273,0,4,45.0,170.0,35331.0,1234,5746,286534,big
174,노무현입니다,20170525,1855149,다큐멘터리,12세 관람가,33807,0,0,0,0,133,275,0,1,25.0,50.0,7328.0,671,3112,126501,mid
175,임금님의 사건수첩,20170426,1635003,코미디,12세 관람가,4539,1,0,4,0,49,131,0,1,25.0,94.0,16380.0,959,4803,95882,big
176,부라더,20171102,1492903,코미디,12세 관람가,5655,0,0,1,9,56,152,0,3,30.0,130.0,24942.0,785,3747,160243,mid
177,기억의 밤,20171129,1386611,미스터리,15세 관람가,47648,2,0,2,3,98,205,0,3,23.0,42.0,7136.0,715,3308,85407,mid
178,브이아이피,20170823,1373316,범죄,청소년 관람불가,6476,11,0,10,3,82,216,1,2,28.0,39.0,7480.0,902,3846,160166,small
179,특별시민,20170426,1362634,드라마,15세 관람가,53910,0,0,47,13,85,248,0,1,21.0,57.0,8631.0,1145,5535,143788,big
180,장산범,20170817,1306438,미스터리,15세 관람가,4351,2,1,4,4,111,230,1,2,19.0,49.0,10307.0,662,2752,150114,big
181,악녀,20170608,1208081,액션,청소년 관람불가,20383,10,0,3,2,99,240,0,2,9.0,18.0,4413.0,608,2608,100992,big
182,해빙,20170301,1204600,스릴러,15세 관람가,6742,2,0,6,8,92,221,0,1,5.0,9.0,3024.0,826,3897,188253,big
183,하루,20170615,1129609,스릴러,15세 관람가,371130,1,0,3,4,131,263,0,2,8.0,36.0,7124.0,716,3887,126443,mid
184,불한당: 나쁜 놈들의 세상,20170517,939535,범죄,청소년 관람불가,7822,10,0,24,6,130,270,0,1,41.0,206.0,26263.0,813,3821,91536,big
185,대립군,20170531,837500,드라마,15세 관람가,7200,18,1,13,9,128,221,0,1,28.0,62.0,10744.0,790,3466,98420,small
186,아빠는 딸,20170412,647305,코미디,12세 관람가,53393,0,0,0,3,53,52,0,1,10.0,33.0,7428.0,467,2131,36694,mid
187,침묵,20171102,494097,드라마,15세 관람가,37609,19,0,24,6,110,220,0,3,18.0,43.0,6332.0,625,2625,70603,big
188,리얼,20170628,470105,액션,청소년 관람불가,183843,0,0,5,10,113,293,0,2,7.0,18.0,3891.0,915,3790,83763,big
189,반드시 잡는다,20171129,446780,스릴러,15세 관람가,3555,1,0,6,9,32,40,0,3,14.0,31.0,7267.0,558,2510,45291,big
190,원라인,20170329,435048,범죄,15세 관람가,6101,1,0,5,5,102,189,0,1,23.0,44.0,9888.0,598,2304,41854,big
191,보통사람,20170323,383336,드라마,15세 관람가,22056,1,0,1,2,77,130,0,1,16.0,40.0,6396.0,620,2541,55345,small
192,대장 김창수,20171019,381483,드라마,12세 관람가,4814,0,0,6,5,84,130,0,3,43.0,95.0,14275.0,716,2984,57917,mid
193,석조저택 살인사건,20170509,353517,스릴러,15세 관람가,3955,4,0,8,7,29,74,0,1,10.0,26.0,5540.0,471,1931,45342,mid
194,싱글라이더,20170222,351276,드라마,15세 관람가,7476,0,0,22,7,82,176,1,4,25.0,43.0,5453.0,543,2298,47097,small
195,7호실,20171115,347790,코미디,15세 관람가,4710,5,0,4,3,108,265,0,3,29.0,49.0,6379.0,596,2719,48819,big
196,희생부활자,20171012,323628,미스터리,15세 관람가,3057,15,0,8,4,51,132,0,3,9.0,9.0,2895.0,742,3484,59020,big
197,미옥,20171109,238587,범죄,청소년 관람불가,3624,1,0,13,3,71,223,0,3,5.0,13.0,2623.0,623,3050,49023,mid
198,어느날,20170405,234829,멜로/로맨스,15세 관람가,167548,9,0,7,3,91,175,0,1,12.0,28.0,5208.0,474,1921,25243,small
199,채비,20171109,177428,드라마,12세 관람가,8711,0,0,5,1,37,47,0,3,6.0,25.0,5187.0,461,1121,16311,small
200,비정규직 특수요원,20170316,149719,코미디,15세 관람가,6094,0,0,0,0,45,34,0,1,11.0,17.0,3559.0,469,1686,25918,small
201,로마의 휴일,20170830,134827,코미디,15세 관람가,6480,0,0,0,3,45,34,1,2,12.0,45.0,11008.0,406,1706,17872,mid
202,시간위의 집,20170405,128975,미스터리,15세 관람가,3039,0,0,5,7,79,99,0,1,35.0,77.0,6086.0,413,1555,15481,mid
203,루시드 드림,20170222,102170,SF,15세 관람가,4999,1,0,22,5,55,66,1,4,14.0,39.0,6135.0,460,1548,17276,big
204,"그래, 가족",20170215,46623,코미디,12세 관람가,12899,0,0,3,6,67,53,1,4,10.0,11.0,2798.0,353,874,7134,small
205,역모-반란의 시대,20171123,30116,사극,15세 관람가,2810,0,0,1,6,46,63,0,3,5.0,14.0,2314.0,346,719,5022,small
206,이웃집 스타,20170921,10854,코미디,12세 관람가,6325,0,0,0,1,27,17,0,3,5.0,8.0,1704.0,245,421,1727,small
207,구세주: 리턴즈,20170914,6151,코미디,15세 관람가,1071,0,0,0,0,13,3,0,3,2.0,4.0,1176.0,118,188,725,small
208,신과함께-인과 연,20180801,12274353,판타지,12세 관람가,15760,38,8,25,24,136,257,1,2,42.0,99.0,21749.0,2049,10149,1134364,small
209,안시성,20180919,5438066,사극,12세 관람가,15363,2,2,3,7,134,271,0,3,31.0,123.0,25250.0,1156,4891,155869,big
210,완벽한 타인,20181031,5194618,드라마,15세 관람가,12795,0,2,19,21,83,233,0,3,136.0,590.0,47110.0,1083,5131,230817,small
211,독전,20180522,5063620,범죄,15세 관람가,13460,13,3,12,12,138,247,0,1,12.0,36.0,7117.0,1070,5158,232080,big
212,공작,20180808,4974463,드라마,12세 관람가,39433,24,0,24,18,128,248,1,2,27.0,62.0,15097.0,1080,4342,315186,big
213,암수살인,20181003,3789222,범죄,15세 관람가,8764,0,0,15,11,107,224,0,3,25.0,111.0,20512.0,972,5014,271002,big
214,마녀,20180627,3189091,미스터리,15세 관람가,41221,11,0,10,4,107,241,0,2,10.0,32.0,7836.0,888,3995,117505,small
215,탐정: 리턴즈,20180613,3152873,코미디,15세 관람가,5997,4,0,1,5,62,194,0,2,25.0,94.0,15947.0,961,4858,151489,big
216,너의 결혼식,20180822,2820685,멜로/로맨스,12세 관람가,11237,0,0,11,2,91,223,1,2,21.0,145.0,31020.0,787,3527,106406,mid
217,곤지암,20180328,2675575,공포(호러),15세 관람가,6632,5,0,0,1,112,272,0,1,153.0,623.0,68083.0,870,3817,167373,big
218,지금 만나러 갑니다,20180314,2602273,멜로/로맨스,12세 관람가,9915,0,0,24,4,98,182,0,1,35.0,130.0,22580.0,1020,4390,100273,big
219,목격자,20180815,2524634,스릴러,15세 관람가,26130,0,0,3,9,115,245,1,2,37.0,122.0,24080.0,828,3670,236005,big
220,조선명탐정: 흡혈괴마의 비밀,20180208,2444145,사극,12세 관람가,5073,1,0,7,14,90,171,1,4,72.0,202.0,35646.0,1190,6240,208522,big
221,국가부도의 날,20181128,2222059,드라마,12세 관람가,7876,0,0,19,9,129,229,0,3,22.0,111.0,19208.0,1156,5799,241809,big
222,명당,20180919,2086418,사극,12세 관람가,14134,0,0,20,14,145,196,0,3,21.0,64.0,11099.0,1052,4463,104527,mid
223,협상,20180919,1967149,범죄,15세 관람가,50670,0,0,19,4,105,222,0,3,50.0,125.0,24577.0,883,3809,82836,big
224,창궐,20181025,1599290,사극,15세 관람가,11646,3,2,4,2,125,249,0,3,20.0,61.0,11370.0,1312,6514,234062,big
225,성난황소,20181122,1540004,범죄,15세 관람가,5825,0,0,1,5,56,142,0,3,311.0,1151.0,84548.0,990,4563,189770,big
226,리틀 포레스트,20180228,1505997,드라마,전체 관람가,11447,15,0,24,5,105,303,1,4,35.0,84.0,15598.0,848,4187,125743,mid
227,골든슬럼버,20180214,1387508,범죄,15세 관람가,6084,0,0,18,19,112,218,1,4,23.0,48.0,8685.0,799,3597,189585,big
228,궁합,20180228,1340117,코미디,12세 관람가,23869,0,0,5,3,116,249,1,4,7.0,20.0,4602.0,871,4204,177609,big
229,사라진 밤,20180307,1315726,스릴러,15세 관람가,10544,0,0,1,4,110,173,0,1,33.0,52.0,8223.0,662,3196,71161,mid
230,바람 바람 바람,20180405,1194229,코미디,청소년 관람불가,6165,2,0,4,5,124,181,0,1,38.0,101.0,17430.0,910,4208,145962,big
231,챔피언,20180501,1128774,드라마,12세 관람가,29365,1,0,1,6,76,163,0,1,11.0,14.0,3455.0,808,3836,85700,small
232,염력,20180131,990111,드라마,15세 관람가,7902,18,2,11,7,126,243,1,4,8.0,31.0,8581.0,1067,6020,156657,big
233,인랑,20180725,898945,SF,15세 관람가,10195,37,4,13,15,136,244,1,2,69.0,96.0,19666.0,1030,4203,155027,small
234,레슬러,20180509,771141,드라마,15세 관람가,8150,0,0,7,10,97,165,0,1,156.0,595.0,53608.0,887,4556,62226,big
235,상류사회,20180829,768249,드라마,청소년 관람불가,11005,0,0,7,3,80,178,1,2,6.0,15.0,3288.0,842,3638,101258,small
236,물괴,20180912,723951,액션,15세 관람가,7215,2,0,5,5,125,254,0,3,27.0,52.0,7437.0,1165,6437,92549,small
237,미쓰백,20181011,722004,드라마,15세 관람가,7084,1,0,4,2,114,275,0,3,8.0,59.0,10432.0,584,2171,38716,mid
238,버닝,20180517,528372,미스터리,청소년 관람불가,14642,69,0,4,3,122,272,0,1,9.0,14.0,3101.0,724,2717,66689,mid
239,7년의 밤,20180328,528007,스릴러,15세 관람가,13150,14,1,10,5,94,192,0,1,19.0,52.0,7911.0,840,3287,78228,big
240,변산,20180704,490519,드라마,15세 관람가,7676,97,8,5,1,78,209,1,2,14.0,110.0,18814.0,733,3093,42887,mid
241,동네사람들,20181107,460381,액션,15세 관람가,37499,0,0,7,6,40,114,0,3,10.0,27.0,4731.0,691,2943,52995,mid
242,원더풀 고스트,20180926,450374,코미디,12세 관람가,3365,0,0,1,5,21,75,0,3,12.0,33.0,6318.0,348,1821,78766,small
243,흥부: 글로 세상을 바꾼 자,20180214,416303,사극,12세 관람가,780,9,0,4,6,63,184,1,4,8.0,16.0,3850.0,568,2067,62431,big
244,도어락,20181205,395313,스릴러,15세 관람가,4619,0,0,0,3,118,241,0,4,44.0,108.0,20042.0,876,4178,125088,mid
245,허스토리,20180627,336100,드라마,12세 관람가,6906,8,0,8,4,75,230,0,2,55.0,190.0,32406.0,651,2558,31753,big
246,덕구,20180405,315359,드라마,전체 관람가,2781,0,0,0,1,31,102,0,1,9.0,49.0,11763.0,478,1649,26425,mid
247,번 더 스테이지: 더 무비,20181115,315014,기타,전체 관람가,1036,0,0,0,0,52,131,0,3,,,,209,597,59979,small
248,치즈인더트랩,20180314,229005,멜로/로맨스,15세 관람가,16072,0,0,1,3,116,141,0,1,43.0,52.0,6155.0,344,1573,24203,mid
249,속닥속닥,20180713,217444,공포(호러),15세 관람가,2522,0,0,0,0,56,122,1,2,7.0,11.0,2542.0,292,1276,53865,small
250,나를 기억해,20180419,141222,미스터리,청소년 관람불가,132994,0,0,2,1,42,73,0,1,2.0,5.0,833.0,514,2337,24967,mid
251,독전: 익스텐디드 컷,20180718,137871,범죄,15세 관람가,416,13,3,12,12,108,183,1,2,,,,300,604,17764,big
252,게이트,20180228,101381,범죄,15세 관람가,27412,0,0,11,9,27,33,1,4,5.0,9.0,1890.0,196,542,13924,small
253,여중생A,20180620,97850,드라마,12세 관람가,4849,0,0,1,1,166,240,0,2,18.0,34.0,5877.0,460,1453,8253,small
254,여곡성,20181108,67368,공포(호러),15세 관람가,3475,0,0,4,1,76,128,0,3,3.0,7.0,1586.0,199,804,13249,small
255,번개맨과 신비의 섬,20180405,60561,가족,전체 관람가,69,0,0,0,0,0,4,0,1,3.0,3.0,638.0,138,230,6684,small
256,머니백,20180412,53610,액션,15세 관람가,2180,0,0,17,14,24,39,0,1,14.0,27.0,5079.0,466,1130,9227,mid
257,데자뷰,20180530,48279,미스터리,15세 관람가,4593,0,0,0,0,44,51,0,1,6.0,9.0,1665.0,492,1504,9074,mid
258,비밥바룰라,20180124,47565,코미디,12세 관람가,1795,0,0,0,1,25,26,1,4,9.0,12.0,1976.0,339,618,6802,mid
259,배반의 장미,20181018,41054,코미디,15세 관람가,3616,0,0,1,4,38,45,0,3,5.0,5.0,1012.0,445,1204,7790,small
260,해피 투게더,20181115,26141,드라마,12세 관람가,34161,0,0,0,4,15,27,0,3,8.0,13.0,1998.0,232,344,3084,small
261,번개맨의 비밀,20181206,6315,가족,전체 관람가,183,0,0,0,0,0,1,0,4,3.0,7.0,1289.0,234,286,6361,small
