,영화명,개봉일,관객수,배급사,장르,상영등급,기사수,감독수상,감독파워,배우수상,배우파워,개봉전트윗,개봉후트윗,holiday,season,기대지수,비기대지수,개봉이전_스크린수,개봉이전_상영횟수,개봉이전_관객수,개봉1일_스크린수,개봉1일_상영횟수,개봉1일_관객수,개봉2일_스크린수,개봉2일_상영횟수,개봉2일_관객수,개봉3일_스크린수,개봉3일_상영횟수,개봉3일_관객수,개봉평균스크린수,개봉평균상영횟수,개봉평균관객수,배급사크기
0,명량,20140730,17613682,씨제이이앤엠(주),사극,15세 관람가,56134,28,2,32,11,263,320,1,2,13639,1126,37.0,157.0,22500.0,1159,6147,682701,1202,6258,705070,1300,6699,867437,1220,6368,751736,big
1,해적: 바다로 간 산적,20140806,8666046,롯데쇼핑㈜롯데엔터테인먼트,어드벤처,12세 관람가,22656,9,4,19,4,230,289,1,2,4941,1537,27.0,167.0,35335.0,786,3970,273445,795,3932,254862,789,3947,297432,790,3949,275246,big
2,수상한 그녀,20140122,8657982,씨제이이앤엠(주),드라마,15세 관람가,61925,27,2,21,11,223,264,1,4,0,0,19.0,149.0,31394.0,577,2672,142843,588,2740,138364,613,2909,175833,592,2773,152346,big
3,국제시장,20141217,5345677,씨제이이앤엠(주),드라마,12세 관람가,53038,37,2,14,19,150,251,0,4,12784,2052,68.0,236.0,33048.0,931,4444,184756,954,4491,198552,966,4644,241578,950,4526,208295,big
4,군도: 민란의 시대,20140723,4774931,(주)쇼박스,사극,15세 관람가,21502,24,0,23,16,199,278,1,2,14319,1262,44.0,72.0,13964.0,1250,6252,551841,1273,6374,419127,1295,6641,468320,1272,6422,479762,big
5,타짜-신의 손,20140903,4015361,"롯데쇼핑㈜롯데엔터테인먼트,(주)싸이더스",드라마,청소년 관람불가,19273,16,2,4,3,265,261,0,3,7157,3757,28.0,84.0,16803.0,768,3208,201749,789,3339,137708,827,3572,186192,794,3373,175216,big
6,역린,20140430,3849552,롯데쇼핑㈜롯데엔터테인먼트,사극,15세 관람가,17528,0,2,14,5,208,274,0,1,6255,810,25.0,35.0,6366.0,947,4654,287855,995,4828,359186,1020,4982,256994,987,4821,301345,big
7,신의 한 수,20140703,3566852,(주)쇼박스,범죄,청소년 관람불가,190686,0,0,11,8,82,115,1,2,2407,365,504.0,1320.0,73945.0,664,3506,181459,716,3733,201477,794,4079,369886,724,3772,250940,big
8,끝까지 간다,20140529,3450305,(주)쇼박스,액션,15세 관람가,41217,12,1,6,5,81,219,0,1,1320,229,107.0,300.0,26472.0,629,3216,79698,625,3271,107280,645,3430,222279,633,3305,136419,big
9,표적,20140430,2841828,씨제이이앤엠(주),액션,15세 관람가,23813,1,0,7,6,120,261,0,1,1717,191,18.0,34.0,7010.0,576,3132,105838,610,3110,154618,639,3260,141583,608,3167,134013,big
10,나의 사랑 나의 신부,20141008,2141155,씨네그루(주)다우기술,멜로/로맨스,15세 관람가,13586,1,0,1,1,79,183,0,3,8499,921,81.0,212.0,12831.0,577,2935,88406,587,3120,201045,610,3032,114571,591,3029,134674,small
11,남자가 사랑할 때,20140122,1979311,(주)넥스트엔터테인먼트월드(NEW),멜로/로맨스,15세 관람가,9097,0,0,16,7,150,217,1,4,0,0,11.0,29.0,6982.0,484,2212,98730,497,2219,85593,511,2268,98632,497,2233,94318,big
12,기술자들,20141224,1778083,롯데쇼핑㈜롯데엔터테인먼트,범죄,15세 관람가,21944,1,0,3,5,169,252,0,4,24306,2459,477.0,1409.0,63883.0,641,3226,274404,614,3126,422784,629,3082,168545,628,3144,288577,big
13,제보자,20141002,1755181,메가박스중앙(주)플러스엠,드라마,12세 관람가,13903,15,0,18,12,201,275,0,3,3728,633,25.0,104.0,21156.0,676,3511,107854,661,3520,214023,650,3339,188016,662,3456,169964,mid
14,피끓는 청춘,20140122,1676040,롯데쇼핑㈜롯데엔터테인먼트,코미디,15세 관람가,6921,1,0,11,3,161,205,1,4,0,0,22.0,43.0,8566.0,557,2641,157026,607,2789,135915,626,2921,134260,596,2783,142400,big
15,두근두근 내 인생,20140903,1624601,씨제이이앤엠(주),드라마,12세 관람가,11258,7,0,5,7,119,184,0,3,15718,3747,36.0,96.0,13610.0,612,2980,99364,605,2898,63160,629,2920,100128,615,2932,87550,big
16,우아한 거짓말,20140313,1619188,CGV아트하우스,드라마,12세 관람가,14524,3,2,3,7,107,217,0,1,163,13,62.0,149.0,15982.0,485,2313,54153,487,2436,77528,553,2809,187283,508,2519,106321,mid
17,해무(海霧),20140813,1475507,(주)넥스트엔터테인먼트월드(NEW),드라마,청소년 관람불가,157,9,0,23,16,244,314,1,2,7489,1057,18.0,54.0,12091.0,580,3076,174827,584,3077,159769,548,2776,227378,570,2976,187324,big
18,인간중독,20140514,1441973,(주)넥스트엔터테인먼트월드(NEW),멜로/로맨스,청소년 관람불가,25409,18,0,3,1,207,255,0,1,5486,1115,10.0,18.0,4679.0,576,2742,89092,603,2777,107663,644,2935,126444,607,2818,107733,big
19,찌라시: 위험한 소문,20140220,1221427,씨제이이앤엠(주),범죄,15세 관람가,3938,2,2,4,11,148,93,1,4,0,0,9.0,26.0,4631.0,466,2193,91576,479,2280,98038,552,2468,173347,499,2313,120987,big
20,빅매치,20141127,1177438,(주)넥스트엔터테인먼트월드(NEW),액션,15세 관람가,10132,10,0,14,9,171,218,0,3,4634,739,446.0,1132.0,60677.0,618,2898,75112,626,2998,96658,627,3103,165268,623,2999,112346,big
21,슬로우 비디오,20141002,1169562,이십세기폭스코리아(주),드라마,12세 관람가,5936,2,0,3,2,140,266,0,3,8508,962,17.0,67.0,11947.0,596,3171,98673,618,3433,222079,613,3412,182455,609,3338,167735,small
22,방황하는 칼날,20140410,989906,씨제이이앤엠(주),범죄,청소년 관람불가,4496,3,0,12,4,110,215,0,1,1932,155,12.0,43.0,7863.0,481,2217,66643,518,2396,84300,594,2741,157498,531,2451,102813,big
23,우리는 형제입니다,20141023,970373,(주)쇼박스,코미디,12세 관람가,10506,10,0,11,6,53,226,0,3,5789,669,69.0,119.0,4348.0,517,2569,62171,533,2706,75401,547,2936,141213,532,2737,92928,big
24,카트,20141113,812490,(주)리틀빅픽쳐스,드라마,12세 관람가,18289,5,0,12,6,135,294,0,3,48999,3049,51.0,195.0,30423.0,533,2646,101033,544,2655,57791,539,2678,125500,538,2659,94774,mid
25,관능의 법칙,20140213,781516,롯데쇼핑㈜롯데엔터테인먼트,드라마,청소년 관람불가,7556,4,0,20,3,76,131,1,4,0,0,22.0,103.0,21016.0,591,2748,58083,588,2785,76470,532,2420,106949,570,2651,80500,big
26,상의원,20141224,676632,"(주)쇼박스,(주)와우픽쳐스",사극,15세 관람가,13202,3,0,6,4,90,211,0,4,8746,1553,77.0,206.0,18634.0,466,2171,108567,454,2010,179740,453,1931,66867,457,2037,118391,big
27,플랜맨,20140109,632299,롯데쇼핑㈜롯데엔터테인먼트,드라마,15세 관람가,4349,0,0,13,3,77,169,1,4,0,0,46.0,83.0,16573.0,458,2024,54251,441,2029,56264,433,2006,111867,444,2019,74127,big
28,우는 남자,20140604,603495,씨제이이앤엠(주),액션,청소년 관람불가,12694,19,1,4,1,82,115,0,2,2136,461,408.0,1128.0,47328.0,500,2497,121991,508,2451,67165,480,2119,93916,496,2355,94357,big
29,패션왕,20141106,594871,(주)넥스트엔터테인먼트월드(NEW),코미디,15세 관람가,14115,1,0,0,1,98,203,0,3,39795,8414,12.0,17.0,3869.0,518,2327,48348,523,2361,53277,515,2314,128083,518,2334,76569,big
30,황제를 위하여,20140611,592435,유나이티드픽처스(주),액션,청소년 관람불가,5908,0,0,1,5,55,158,0,2,2734,323,4.0,12.0,2847.0,366,1150,39397,381,2040,51779,402,2132,55598,383,1774,48924,small
31,몬스터,20140313,526557,롯데쇼핑㈜롯데엔터테인먼트,스릴러,청소년 관람불가,39560,0,0,1,3,101,200,0,1,83,20,7.0,11.0,2366.0,469,2235,67380,489,2346,79801,527,2638,118950,495,2406,88710,big
32,또 하나의 약속,20140206,497613,(주)오에이엘,드라마,12세 관람가,23347,0,0,14,12,134,304,1,4,0,0,26.0,48.0,9266.0,159,653,27304,169,697,29139,192,804,55258,173,718,37233,small
33,소녀괴담,20140702,481696,(주)리틀빅픽쳐스,미스터리,15세 관람가,6683,2,0,2,1,52,124,1,2,3750,364,7.0,13.0,2168.0,325,920,24638,416,2105,50390,416,2127,68836,385,1717,47954,mid
34,조선미녀삼총사,20140129,480361,(주)쇼박스,코미디,12세 관람가,5580,1,0,11,4,54,126,1,4,0,0,19.0,37.0,6799.0,388,1963,60234,384,1717,73883,379,1535,91330,383,1738,75149,big
35,마담 뺑덕,20141002,471172,씨제이이앤엠(주),멜로/로맨스,청소년 관람불가,12554,1,0,4,4,47,55,0,3,7380,1585,21.0,49.0,8522.0,536,2681,67072,509,2510,87072,474,2253,67742,506,2481,73962,big
36,좋은 친구들,20140710,407228,씨제이이앤엠(주),범죄,청소년 관람불가,9783,0,0,1,4,91,140,1,2,2153,268,336.0,1853.0,40584.0,348,1784,38128,354,1752,39276,370,1595,56050,357,1710,44484,big
37,나의 독재자,20141030,385932,롯데쇼핑㈜롯데엔터테인먼트,드라마,15세 관람가,9345,10,0,29,8,55,168,0,3,2953,761,474.0,1096.0,29256.0,637,2838,37015,654,2958,55203,630,2903,83246,640,2899,58488,big
38,하이힐,20140603,341634,롯데쇼핑㈜롯데엔터테인먼트,범죄,청소년 관람불가,15447,10,0,3,2,110,211,0,2,2252,305,27.0,36.0,6369.0,291,753,13936,385,1683,47669,374,1644,30549,350,1360,30718,big
39,레드카펫,20141023,316953,(주)프레인글로벌,멜로/로맨스,15세 관람가,287654,0,0,1,1,104,168,0,3,4017,905,24.0,50.0,6916.0,375,1673,26180,385,1761,31504,378,1739,44259,379,1724,33981,small
40,덕수리 5형제,20141204,210777,롯데쇼핑㈜롯데엔터테인먼트,코미디,15세 관람가,4223,0,0,4,0,65,85,0,4,1647,604,13.0,32.0,5647.0,327,1342,18744,339,1362,23897,346,1257,41273,337,1320,27971,big
41,아빠를 빌려드립니다,20141120,172652,"메가박스중앙(주)플러스엠,(주)레드로버",코미디,12세 관람가,3861,0,0,3,9,54,50,0,3,3445,442,91.0,120.0,7052.0,324,1140,13283,322,1140,17132,326,1008,34844,324,1096,21753,mid
42,가시,20140410,142170,(주)인벤트스톤,멜로/로맨스,청소년 관람불가,30687,9,0,0,0,102,172,0,1,2456,413,7.0,17.0,3618.0,339,1638,20553,333,1658,20513,345,1511,27216,339,1602,22760,small
43,맨홀,20141008,133663,롯데쇼핑㈜롯데엔터테인먼트,공포(호러),청소년 관람불가,4750,0,0,12,3,30,159,0,3,5589,1139,11.0,17.0,3931.0,279,1462,26180,285,1332,29174,286,1261,13350,283,1351,22901,big
44,터널 3D,20140820,80989,(주)박수엔터테인먼트,공포(호러),15세 관람가,5947,0,0,0,0,0,0,1,2,2869,587,6.0,17.0,3571.0,264,916,19255,255,782,9033,258,742,8583,259,813,12290,small
45,설계,20140918,45726,(주)팝엔터테인먼트,스릴러,청소년 관람불가,92767,0,0,0,0,32,28,0,3,613,251,2.0,6.0,1635.0,252,932,8031,257,888,7214,249,677,7289,252,832,7511,small
46,백프로,20140403,37909,(주)마인스 엔터테인먼트,코미디,15세 관람가,1985,0,0,15,12,74,103,0,1,1123,138,6.0,8.0,1507.0,224,796,5451,227,780,4860,236,834,9552,229,803,6621,small
47,베테랑,20150805,13414009,씨제이이앤엠(주),액션,15세 관람가,93360,47,6,34,34,120,296,1,2,9952,1339,39.0,145.0,25421.0,957,5096,414219,942,5009,404907,984,5100,477754,961,5068,432293,big
48,암살,20150722,12705700,(주)쇼박스,액션,15세 관람가,81348,40,4,34,18,119,298,1,2,20846,3541,37.0,64.0,14375.0,1264,6245,477541,1330,6497,435039,1370,6813,543245,1321,6518,485275,big
49,내부자들,20151119,7055332,(주)쇼박스,범죄,청소년 관람불가,35719,16,2,35,15,84,263,0,3,12198,5619,712.0,1814.0,113784.0,907,4418,230949,954,4638,283518,1072,5334,489503,977,4796,334656,big
50,사도,20150916,6246849,(주)쇼박스,사극,12세 관람가,42818,97,8,39,15,131,284,0,3,22459,2652,15.0,63.0,14455.0,1123,6108,250237,1190,6447,223381,1203,6661,281969,1172,6405,251862,big
51,연평해전,20150624,6043784,(주)넥스트엔터테인먼트월드(NEW),드라마,12세 관람가,17579,9,1,4,6,86,294,0,2,28626,3205,42.0,81.0,9223.0,667,3147,153400,717,3296,170284,850,3688,228338,744,3377,184007,big
52,검은 사제들,20151105,5442128,씨제이이앤엠(주),미스터리,15세 관람가,19521,10,1,19,14,105,270,0,3,15918,2041,19.0,39.0,7584.0,834,4657,191090,887,4988,272689,1064,5983,581845,928,5209,348541,big
53,히말라야,20151216,5129409,씨제이이앤엠(주),드라마,12세 관람가,23893,9,4,16,8,111,252,0,4,13693,1976,77.0,168.0,26776.0,1009,4923,203173,978,4733,190883,1007,4926,242838,998,4860,212298,big
54,조선명탐정 : 사라진 놉의 딸,20150211,3872015,(주)쇼박스,사극,12세 관람가,7541,1,0,7,14,66,169,1,4,7406,952,14.0,34.0,8202.0,740,3670,113443,766,3741,110284,769,3889,137631,758,3766,120452,big
55,스물,20150325,3044811,(주)넥스트엔터테인먼트월드(NEW),코미디,15세 관람가,23837,2,0,3,3,122,301,0,1,27413,2121,58.0,167.0,18501.0,786,4212,151161,829,4500,114294,831,4667,160114,815,4459,141856,big
56,극비수사,20150618,2860786,(주)쇼박스,드라마,15세 관람가,10789,15,0,21,17,75,231,0,2,9189,1140,18.0,37.0,6663.0,722,3979,181737,770,4278,205567,894,4945,412599,795,4400,266634,big
57,탐정 : 더 비기닝,20150924,2625686,씨제이이앤엠(주),코미디,15세 관람가,6376,2,0,1,5,87,235,0,3,3319,638,49.0,200.0,24775.0,486,2200,50533,494,2294,95087,530,2379,182738,503,2291,109452,big
58,악의 연대기,20150514,2192525,씨제이이앤엠(주),스릴러,15세 관람가,10953,1,0,5,8,72,182,0,1,5113,582,22.0,65.0,12711.0,693,3816,114540,715,4002,168889,776,4415,293387,728,4077,192272,big
59,강남 1970,20150121,2192276,(주)쇼박스,액션,청소년 관람불가,20733,15,0,5,0,89,203,1,4,21361,4102,12.0,48.0,10822.0,684,2816,152329,696,2847,128753,752,3044,148335,710,2902,143139,big
60,뷰티 인사이드,20150820,2053435,(주)넥스트엔터테인먼트월드(NEW),판타지,12세 관람가,23636,0,0,30,27,48,111,1,2,17219,6346,81.0,237.0,29229.0,633,2819,114401,646,2885,118845,648,2867,185720,642,2857,139655,big
61,오늘의 연애,20150114,1891993,씨제이이앤엠(주),멜로/로맨스,15세 관람가,17057,19,0,2,2,127,227,1,4,19766,2573,9.0,35.0,7684.0,577,2798,133838,598,2900,153283,625,3070,157607,600,2922,148242,big
62,쎄시봉,20150205,1715370,씨제이이앤엠(주),멜로/로맨스,15세 관람가,14729,25,0,23,14,96,226,1,4,12076,24436,25.0,66.0,11447.0,757,3918,96139,773,4016,110021,829,4184,215539,786,4039,140566,big
63,더 폰,20151022,1593694,(주)넥스트엔터테인먼트월드(NEW),스릴러,15세 관람가,6409,2,0,8,8,51,160,0,3,5205,480,37.0,88.0,18634.0,705,3328,97241,749,3517,133145,794,3976,249459,749,3607,159948,big
64,대호,20151216,1584168,(주)넥스트엔터테인먼트월드(NEW),사극,12세 관람가,15321,11,0,20,2,106,328,0,4,8397,1702,27.0,92.0,19064.0,892,4005,128396,863,3534,107684,832,3491,116610,862,3676,117563,big
65,차이나타운,20150429,1472106,CGV아트하우스,범죄,청소년 관람불가,23441,6,0,15,5,80,260,0,1,5953,991,22.0,39.0,6348.0,443,2077,90899,495,2272,88335,500,2277,135205,479,2208,104813,mid
66,장수상회,20150409,1165780,씨제이이앤엠(주),멜로/로맨스,12세 관람가,9525,30,2,8,6,105,238,0,1,15600,1136,38.0,116.0,17046.0,640,3079,53241,653,3215,58574,688,3479,116858,660,3257,76224,big
67,성난 변호사,20151008,1128288,씨제이이앤엠(주),범죄,15세 관람가,5356,2,0,0,2,46,118,0,3,2973,470,65.0,123.0,13682.0,607,2839,89466,593,2800,160928,577,2666,156779,592,2768,135724,big
68,간신,20150521,1110246,롯데쇼핑㈜롯데엔터테인먼트,사극,청소년 관람불가,14926,8,0,4,7,113,262,0,1,4570,2003,10.0,40.0,8947.0,674,3057,83605,673,3140,92994,697,3105,148495,681,3100,108364,big
69,그놈이다,20151028,1046015,CGV아트하우스,스릴러,15세 관람가,14737,0,0,7,10,68,182,0,3,5658,575,17.0,39.0,6343.0,510,2354,97168,541,2518,68453,590,2773,89633,547,2548,85084,mid
70,미쓰 와이프,20150813,988451,메가박스중앙(주)플러스엠,코미디,15세 관람가,9913,0,0,6,1,67,250,1,2,4930,729,32.0,101.0,15981.0,413,1645,56370,415,1518,84681,425,1412,90596,417,1525,77215,mid
71,허삼관,20150114,955679,(주)넥스트엔터테인먼트월드(NEW),드라마,12세 관람가,11846,18,0,27,10,97,226,1,4,10731,2165,37.0,53.0,7868.0,584,2684,73635,621,2687,84013,582,2646,87228,595,2672,81625,big
72,살인의뢰,20150312,855980,씨네그루(주)다우기술,범죄,청소년 관람불가,4746,0,0,6,8,62,177,0,1,8238,1486,9.0,25.0,6359.0,481,2492,80774,508,2626,88138,646,3140,187447,545,2752,118786,small
73,손님,20150709,828025,씨제이이앤엠(주),판타지,15세 관람가,73856,0,0,14,8,120,228,1,2,7780,1337,18.0,40.0,7612.0,493,2296,144967,608,2643,112763,634,2842,181557,578,2593,146429,big
74,열정같은소리하고있네,20151125,654102,(주)넥스트엔터테인먼트월드(NEW),드라마,15세 관람가,6445,3,0,22,4,52,94,0,3,8738,935,22.0,53.0,10298.0,550,2558,59737,566,2565,45872,560,2631,57470,558,2584,54359,big
75,특종: 량첸살인기,20151022,616481,롯데쇼핑㈜롯데엔터테인먼트,스릴러,15세 관람가,5544,3,0,1,1,67,170,0,3,2717,440,34.0,120.0,24712.0,776,3626,64516,767,3649,80057,743,3522,127138,762,3599,90570,big
76,서부전선,20150924,609063,롯데쇼핑㈜롯데엔터테인먼트,전쟁,12세 관람가,6398,0,0,25,6,110,169,0,3,4085,1098,10.0,18.0,4899.0,499,2120,47432,489,2155,48953,495,2018,79513,494,2097,58632,big
77,헬머니,20150305,522929,(주)넥스트엔터테인먼트월드(NEW),코미디,청소년 관람불가,3301,0,0,3,5,55,59,0,1,6556,876,12.0,18.0,3904.0,368,1901,35936,380,1968,40055,422,2052,75954,390,1973,50648,big
78,위험한 상견례 2,20150429,472693,"롯데쇼핑㈜롯데엔터테인먼트,(주)마인스 엔터테인먼트",멜로/로맨스,15세 관람가,7415,0,0,0,4,57,53,0,1,2757,779,13.0,28.0,5687.0,341,783,16506,422,1583,28561,427,1497,47817,396,1287,30961,big
79,순수의 시대,20150305,469891,씨제이이앤엠(주),사극,청소년 관람불가,10096,2,0,5,2,85,138,0,1,7092,1436,23.0,51.0,10127.0,512,2569,61795,523,2648,59611,546,2782,108423,527,2666,76609,big
80,오피스,20150903,441208,(주)리틀빅픽쳐스,스릴러,15세 관람가,214023,3,0,2,6,91,189,0,3,3593,510,14.0,70.0,13061.0,382,1842,46567,409,1882,49454,415,1854,84900,402,1859,60307,mid
81,"협녀, 칼의 기억",20150813,431310,롯데쇼핑㈜롯데엔터테인먼트,사극,15세 관람가,10491,7,0,22,6,58,133,1,2,5465,5503,11.0,28.0,6453.0,572,2679,79801,562,2410,96717,498,1893,88403,544,2327,88307,big
82,무뢰한,20150527,414641,CGV아트하우스,멜로/로맨스,청소년 관람불가,14066,8,0,0,5,67,237,0,1,4059,553,21.0,46.0,8043.0,482,2281,50014,474,2292,36257,477,2320,41949,477,2297,42740,mid
83,내 심장을 쏴라,20150128,387409,"(주)리틀빅픽쳐스,(주)이수C&E",드라마,15세 관람가,6833,0,0,4,2,79,111,1,4,6860,759,8.0,21.0,3969.0,430,2191,60407,422,2162,40561,441,2229,43565,431,2194,48177,mid
84,소수의견,20150624,383582,(주)시네마서비스,드라마,15세 관람가,14201,7,0,8,11,127,268,0,2,5222,771,31.0,71.0,16758.0,378,1842,34334,385,1762,25161,394,1727,33849,385,1777,31114,small
85,경성학교: 사라진 소녀들,20150618,356415,롯데쇼핑㈜롯데엔터테인먼트,미스터리,15세 관람가,7048,13,3,25,7,120,228,0,2,8640,1340,6.0,11.0,2758.0,476,2406,53657,470,2454,55098,489,2486,83336,478,2448,64030,big
86,치외법권,20150827,346483,판씨네마(주),액션,15세 관람가,6302,0,0,3,0,68,88,1,2,3298,653,8.0,27.0,5650.0,405,2060,49585,431,2059,46596,446,1935,78064,427,2018,58081,small
87,극적인 하룻밤,20151203,320884,CGV아트하우스,멜로/로맨스,청소년 관람불가,7220,0,0,1,5,30,27,0,4,2589,530,2.0,7.0,1362.0,386,1847,35140,398,1891,35249,434,1936,55812,406,1891,42067,mid
88,도리화가,20151125,317505,씨제이이앤엠(주),사극,12세 관람가,11834,0,0,6,4,113,178,0,3,12459,6309,20.0,33.0,6760.0,544,2372,49216,550,2333,34219,563,2327,39975,552,2344,41136,big
89,함정,20150910,257990,(주)인벤트스톤,스릴러,청소년 관람불가,16927,0,0,1,5,62,87,0,3,2023,551,13.0,43.0,9178.0,359,1200,32277,393,1300,39065,445,1456,65545,399,1318,45629,small
90,조선마술사,20151230,224657,롯데쇼핑㈜롯데엔터테인먼트,드라마,12세 관람가,10861,11,0,0,0,111,174,0,4,13233,1617,9.0,16.0,4472.0,596,2437,115456,583,2469,104729,608,2319,145065,595,2408,121750,big
91,연애의 맛,20150507,214539,"(주)와우픽쳐스,(주)쇼박스",멜로/로맨스,청소년 관람불가,11278,0,0,0,0,23,237,0,1,1176,541,5.0,11.0,2385.0,390,1452,16462,398,1469,20694,397,1363,43494,395,1428,26883,small
92,내부자들: 디 오리지널,20151231,160148,(주)쇼박스,범죄,청소년 관람불가,3497,16,2,35,15,117,252,0,4,0,0,3.0,7.0,1082.0,595,1533,159066,822,2088,247992,837,2076,232822,751,1899,213293,big
93,은밀한 유혹,20150604,145547,씨제이이앤엠(주),멜로/로맨스,15세 관람가,6834,0,0,5,3,68,78,0,2,4687,738,12.0,14.0,3366.0,385,1956,21742,394,1974,19545,393,1926,28714,390,1952,23333,big
94,나의 절친 악당들,20150625,133553,이십세기폭스코리아(주),범죄,청소년 관람불가,5834,25,0,4,1,36,63,0,2,1791,530,17.0,27.0,3776.0,384,1596,26887,375,1496,20823,364,1210,24062,374,1434,23924,small
95,퇴마: 무녀굴,20150820,120802,씨네그루(주)다우기술,공포(호러),15세 관람가,4891,5,0,5,3,35,46,1,2,1993,453,8.0,20.0,4043.0,331,981,21790,327,951,19020,322,799,24276,326,910,21695,small
96,돌연변이,20151022,100523,필라멘트픽쳐스,드라마,12세 관람가,14361,0,0,11,2,76,107,0,3,8894,1335,8.0,26.0,4742.0,365,1089,10379,378,1083,13223,393,1020,26989,378,1064,16863,small
97,쓰리 썸머 나잇,20150715,77621,"(주)리틀빅픽쳐스,(주)인벤트스톤",코미디,청소년 관람불가,4146,8,0,4,8,67,11,1,2,2529,890,8.0,16.0,3243.0,297,945,12378,294,874,10407,295,835,11365,295,884,11383,mid
98,미안해 사랑해 고마워,20151028,51207,(주)쇼박스,드라마,15세 관람가,3672,1,0,5,1,22,29,0,3,1682,267,9.0,14.0,3985.0,333,935,6142,344,972,7072,341,931,5883,339,946,6365,big
99,비밀,20151015,50196,CGV아트하우스,미스터리,15세 관람가,337082,0,0,1,7,98,151,0,3,2057,245,3.0,12.0,1959.0,305,791,7539,300,776,8950,302,716,10422,302,761,8970,mid
100,약장수,20150423,44214,"(주)대명문화공장,(주)나이너스엔터테인먼트",드라마,15세 관람가,3157,1,0,4,10,20,36,0,1,1262,267,6.0,14.0,3203.0,278,632,4006,282,666,4733,272,585,7468,277,627,5402,small
101,타투,20151210,12102,와이드 릴리즈(주),스릴러,청소년 관람불가,5260,1,0,0,1,9,8,0,4,2224,371,1.0,2.0,517.0,81,163,1620,133,208,1889,132,190,2406,115,187,1971,small
102,검은손,20150416,11650,(주)스톰픽쳐스코리아,공포(호러),청소년 관람불가,10926,0,0,0,0,14,8,0,1,372,145,1.0,1.0,326.0,178,428,2126,174,430,1803,171,401,2176,174,419,2035,small
103,부산행,20160720,11565479,(주)넥스트엔터테인먼트월드(NEW),액션,15세 관람가,38862,21,2,22,22,135,311,1,2,62952,8779,431.0,2698.0,565286.0,1571,8831,872673,1613,9092,663365,1667,9501,738823,1617,9141,758287,big
104,검사외전,20160203,9707581,(주)쇼박스,범죄,15세 관람가,17261,0,1,21,14,117,276,1,4,46891,2492,20.0,48.0,13008.0,1268,6782,526680,1418,7359,466676,1459,7809,610145,1381,7316,534500,big
105,밀정,20160907,7500420,워너브러더스 코리아(주),액션,15세 관람가,22277,37,4,30,13,119,289,0,3,13996,1463,24.0,93.0,18533.0,1221,5479,287228,1246,5635,260642,1333,6100,337358,1266,5738,295076,small
106,터널,20160810,7120508,(주)쇼박스,드라마,12세 관람가,40254,18,0,33,25,132,316,1,2,14152,1854,24.0,80.0,20854.0,820,3900,379079,854,3962,360239,919,4268,408520,864,4043,382612,big
107,인천상륙작전,20160727,7049643,씨제이이앤엠(주),전쟁,12세 관람가,22250,8,2,16,9,118,307,1,2,35317,4399,32.0,76.0,12711.0,901,4702,464460,904,4803,354500,942,5032,405477,915,4845,408145,big
108,럭키,20161013,6975290,(주)쇼박스,코미디,15세 관람가,17297,1,1,11,13,107,254,0,3,15767,1233,345.0,1388.0,146036.0,889,4520,214065,956,4832,315620,1080,5784,632885,975,5045,387523,big
109,곡성,20160512,6879908,이십세기폭스코리아(주),미스터리,15세 관람가,27560,52,2,28,14,133,355,0,1,15570,2644,895.0,2176.0,176514.0,1125,4815,310042,1252,5169,409661,1471,6360,761360,1282,5448,493687,small
110,덕혜옹주,20160803,5599229,롯데쇼핑㈜롯데엔터테인먼트,사극,12세 관람가,17599,25,1,26,6,130,273,1,2,20348,2180,24.0,90.0,14943.0,774,3458,267112,771,3320,254034,827,3422,282765,790,3400,267970,big
111,마스터,20161221,4935320,씨제이이앤엠(주),액션,15세 관람가,53757,3,2,42,34,117,283,0,4,18671,2331,35.0,129.0,23444.0,1448,6617,392856,1441,6615,347324,1450,7026,417071,1446,6752,385750,big
112,판도라,20161207,4313864,(주)넥스트엔터테인먼트월드(NEW),드라마,12세 관람가,15983,4,0,10,10,125,261,0,4,8338,1519,28.0,78.0,18372.0,1029,4777,154652,1074,4741,164931,1086,4919,210438,1063,4812,176673,big
113,아가씨,20160601,4287839,씨제이이앤엠(주),스릴러,청소년 관람불가,47445,91,0,31,15,129,348,0,2,21671,3963,30.0,55.0,10768.0,1016,4701,290024,1069,4824,259971,1122,5104,312873,1069,4876,287622,big
114,귀향,20160224,3587173,(주)와우픽쳐스,드라마,15세 관람가,15354,7,0,0,2,135,329,1,4,1736,136,4.0,15.0,3772.0,205,363,1570,197,351,1502,207,340,1919,203,351,1663,small
115,형,20161123,2979659,씨제이이앤엠(주),코미디,12세 관람가,163306,2,0,3,4,131,301,0,3,25600,1151,46.0,99.0,20515.0,744,2150,75882,933,4672,136871,922,4869,164294,866,3897,125682,big
116,아수라,20160928,2594028,씨제이이앤엠(주),범죄,청소년 관람불가,23131,15,0,25,18,132,287,0,3,28898,4276,44.0,122.0,24846.0,1262,5731,475482,1190,5802,233804,1242,6082,241877,1231,5871,317054,big
117,굿바이 싱글,20160629,2108273,(주)쇼박스,코미디,15세 관람가,8531,2,0,14,8,37,183,0,2,6176,668,56.0,153.0,31562.0,661,2994,122543,676,3106,101930,704,3286,130409,680,3128,118294,big
118,봉이 김선달,20160706,2051277,씨제이이앤엠(주),사극,12세 관람가,6222,3,0,6,7,60,179,1,2,20055,1217,15.0,66.0,12393.0,747,3393,136701,760,3403,120196,816,3587,155593,774,3461,137496,big
119,탐정 홍길동: 사라진 마을,20160504,1430885,씨제이이앤엠(주),드라마,15세 관람가,4705,6,1,5,1,60,187,0,1,6179,660,24.0,53.0,9080.0,669,2939,82893,688,2769,192319,718,2945,188592,691,2884,154601,big
120,특별수사: 사형수의 편지,20160616,1241899,(주)넥스트엔터테인먼트월드(NEW),범죄,15세 관람가,5017,0,0,9,13,122,241,0,2,3052,383,35.0,186.0,32749.0,675,3141,75630,691,3203,92658,666,2981,173050,677,3108,113779,big
121,시간이탈자,20160413,1202384,씨제이이앤엠(주),스릴러,15세 관람가,7319,8,0,6,4,73,168,0,1,7164,738,37.0,70.0,12265.0,673,3304,155917,646,3178,42433,681,3362,63886,666,3281,87412,big
122,동주,20160217,1172641,메가박스중앙(주)플러스엠,드라마,12세 관람가,20580,97,8,7,4,128,281,1,4,8002,520,7.0,24.0,5398.0,374,1084,19124,384,1122,26875,403,1168,36130,387,1124,27376,mid
123,미씽: 사라진 여자,20161130,1153109,메가박스중앙(주)플러스엠,미스터리,15세 관람가,7435,4,0,6,2,102,295,0,3,4785,560,17.0,42.0,6642.0,633,2903,139198,657,3061,89975,717,3350,113814,669,3104,114329,mid
124,"당신, 거기 있어줄래요",20161214,1124815,롯데쇼핑㈜롯데엔터테인먼트,판타지,12세 관람가,6878,2,0,17,8,95,185,0,4,8363,874,43.0,100.0,18045.0,756,3559,92278,764,3613,93085,767,3707,104379,762,3626,96580,big
125,오빠생각,20160121,1069864,(주)넥스트엔터테인먼트월드(NEW),드라마,12세 관람가,39124,3,2,4,3,93,223,1,4,8257,1092,83.0,167.0,24951.0,841,4150,78467,851,4163,84019,855,4121,168534,849,4144,110340,big
126,"날, 보러와요",20160407,1063442,메가박스중앙(주)플러스엠,미스터리,청소년 관람불가,10263,0,0,0,4,55,123,0,1,4353,392,5.0,18.0,4541.0,424,2067,42192,510,2354,54666,668,2996,112368,534,2472,69742,mid
127,"고산자, 대동여지도",20160907,974262,씨제이이앤엠(주),사극,전체 관람가,6543,44,1,3,1,76,86,0,3,3583,625,39.0,92.0,20623.0,764,3137,29603,765,3137,31027,756,3142,40824,761,3138,33818,big
128,좋아해줘,20160217,848148,씨제이이앤엠(주),멜로/로맨스,12세 관람가,12343,1,0,8,6,71,223,1,4,11032,1081,19.0,54.0,11969.0,614,2540,73132,618,2577,71574,620,2613,76361,617,2576,73689,big
129,스플릿,20161109,758195,오퍼스픽쳐스,드라마,15세 관람가,4978,0,0,5,5,76,130,0,3,1700,237,47.0,103.0,20583.0,563,2551,33686,615,2639,48354,615,2765,71942,597,2651,51327,small
130,국가대표 2,20160810,709929,메가박스중앙(주)플러스엠,드라마,12세 관람가,34983,0,0,7,14,70,119,1,2,7290,1289,29.0,173.0,28848.0,562,2516,61508,551,2326,53531,541,2169,59772,551,2337,58270,mid
131,그날의 분위기,20160114,653287,(주)쇼박스,멜로/로맨스,15세 관람가,17341,0,0,2,2,49,83,1,4,8071,1256,10.0,33.0,7519.0,592,2854,67607,575,2799,68328,586,2645,111188,584,2766,82374,big
132,사냥,20160629,645922,롯데쇼핑㈜롯데엔터테인먼트,액션,15세 관람가,50370,0,0,6,6,95,202,0,2,5209,816,10.0,20.0,5535.0,696,3574,161021,665,3614,68190,691,3659,70271,684,3615,99827,big
133,널 기다리며,20160310,635235,(주)넥스트엔터테인먼트월드(NEW),스릴러,청소년 관람불가,4296,1,0,5,8,50,264,0,1,3993,397,8.0,16.0,3662.0,463,2292,41956,470,2366,53965,543,2507,106137,492,2388,67352,big
134,가려진 시간,20161116,510878,(주)쇼박스,드라마,12세 관람가,9517,3,0,5,8,78,231,0,3,12208,1071,215.0,362.0,19152.0,884,4004,71077,872,3738,60105,823,3523,52002,859,3755,61061,big
135,해어화,20160413,485695,롯데쇼핑㈜롯데엔터테인먼트,사극,15세 관람가,9053,7,0,11,9,91,175,0,1,9015,8285,19.0,42.0,7841.0,557,2525,74087,546,2428,27923,556,2536,28624,553,2496,43544,big
136,계춘할망,20160519,482516,(주)콘텐츠 난다긴다,가족,15세 관람가,6959,1,0,18,0,49,138,0,1,6385,658,25.0,102.0,15115.0,483,1813,28793,515,1848,39794,526,1649,66163,508,1770,44916,small
137,"로봇, 소리",20160127,476665,롯데쇼핑㈜롯데엔터테인먼트,드라마,12세 관람가,12118,4,0,8,12,65,171,1,4,5859,777,147.0,548.0,36250.0,601,2607,52321,609,2568,30475,573,2488,33754,594,2554,38850,big
138,위대한 소원,20160421,308398,(주)넥스트엔터테인먼트월드(NEW),코미디,15세 관람가,3418,0,0,2,2,48,40,0,1,3408,436,445.0,1433.0,25610.0,521,2767,32598,524,2798,35538,524,2833,58643,523,2799,42259,big
139,혼숨,20161026,288016,(주)프레인글로벌,공포(호러),15세 관람가,584,0,0,2,2,32,68,0,3,4178,477,3.0,7.0,1450.0,421,943,32837,440,1023,23136,456,1106,29867,439,1024,28613,small
140,비밀은 없다,20160623,250829,씨제이이앤엠(주),스릴러,청소년 관람불가,46745,16,0,21,5,58,258,0,2,3971,749,9.0,22.0,3067.0,463,2334,53485,474,2323,44302,502,2083,51512,479,2246,49766,big
141,순정,20160224,240484,(주)리틀빅픽쳐스,드라마,12세 관람가,43766,0,0,2,9,130,254,1,4,31698,2517,22.0,124.0,24445.0,467,1702,56244,435,1466,22480,439,1421,19805,447,1529,32843,mid
142,남과 여,20160225,203775,(주)쇼박스,멜로/로맨스,청소년 관람불가,8609,8,0,1,2,82,215,1,4,10545,1234,14.0,29.0,7640.0,424,1504,27887,449,1464,27744,440,1193,33759,437,1387,29796,big
143,대배우,20160330,169984,"(주)대명문화공장,(주)리틀빅픽쳐스",코미디,12세 관람가,8264,1,0,18,25,53,79,0,1,2352,291,11.0,18.0,4057.0,466,1993,26847,462,2092,19465,469,1992,18851,465,2025,21721,small
144,무서운 이야기 3 : 화성에서 온 소녀,20160601,97804,롯데쇼핑㈜롯데엔터테인먼트,공포(호러),15세 관람가,2236,0,0,5,1,28,26,0,2,1951,696,3.0,9.0,2389.0,312,851,11958,305,802,10535,312,815,10674,309,822,11055,big
145,걷기왕,20161020,95542,CGV아트하우스,드라마,12세 관람가,3451,1,0,5,3,87,211,0,3,1663,285,366.0,905.0,10913.0,437,1687,9130,446,1656,10572,460,1270,16525,447,1537,12075,mid
146,엽기적인 그녀 2,20160512,77124,(주)리틀빅픽쳐스,멜로/로맨스,15세 관람가,9436,3,0,3,2,25,20,0,1,9148,17561,4.0,17.0,2408.0,380,1082,15373,386,1049,14324,385,808,13498,383,979,14398,mid
147,번개맨,20160211,69363,씨네그루(주)키다리이엔티,판타지,전체 관람가,1231,9,0,0,0,44,54,1,4,998,388,5.0,16.0,3071.0,362,774,5192,335,666,4235,393,860,22284,363,766,10570,mid
148,올레,20160825,66883,"(주)대명문화공장,(주)리틀빅픽쳐스",드라마,15세 관람가,29095,1,0,9,2,88,101,1,2,1641,258,7.0,19.0,2822.0,338,899,12249,330,853,10609,336,691,13195,334,814,12017,small
149,두 남자,20161130,60365,씨네그루(주)키다리이엔티,범죄,청소년 관람불가,54356,0,0,1,5,113,176,0,3,2504,257,11.0,23.0,4185.0,397,1392,13912,375,1268,7456,397,1145,7029,389,1268,9465,mid
150,목숨 건 연애,20161214,47805,오퍼스픽쳐스,멜로/로맨스,15세 관람가,6511,0,0,9,1,47,28,0,4,4556,745,7.0,15.0,3279.0,378,1099,7489,393,998,7532,382,942,6514,384,1013,7178,small
151,트릭,20160713,38262,"(주)스톰픽쳐스코리아,(주)이수C&E",스릴러,15세 관람가,8342,0,0,0,2,72,57,1,2,1335,345,7.0,13.0,1924.0,390,1321,8589,389,1153,5719,373,916,4608,384,1130,6305,small
152,대결,20160922,32278,"(주)스톰픽쳐스코리아,TCO(주)더콘텐츠온",액션,15세 관람가,167636,0,0,1,0,57,61,0,3,0,0,4.0,8.0,1812.0,353,1152,5296,366,1113,5371,358,724,5494,359,996,5387,small
153,인천상륙작전 : 익스텐디드 에디션(확장판),20160913,27070,씨제이이앤엠(주),전쟁,15세 관람가,349,8,2,16,9,84,78,0,3,39,11,3.0,4.0,549.0,81,161,1130,122,197,3589,119,178,6074,107,178,3597,big
154,히야,20160310,21687,(주)라이크 콘텐츠,드라마,12세 관람가,1749,1,0,3,4,101,204,0,1,11575,328,5.0,7.0,1507.0,124,225,2034,124,224,3153,124,219,5634,124,222,3607,small
155,무수단,20160303,15882,오퍼스픽쳐스,미스터리,15세 관람가,3330,0,0,1,0,30,36,0,1,1271,631,5.0,8.0,1496.0,227,441,2179,227,437,2469,228,375,3862,227,417,2836,small
156,택시운전사,20170802,12186327,(주)쇼박스,드라마,15세 관람가,30684,45,2,39,25,136,283,1,2,45603,4812,83.0,477.0,86713.0,1446,7068,698088,1553,7293,651779,1677,7850,707113,1558,7403,685660,big
157,신과함께-죄와 벌,20171220,8539495,롯데쇼핑㈜롯데엔터테인먼트,판타지,12세 관람가,18519,38,8,28,26,113,333,0,4,57194,7734,34.0,62.0,16199.0,1538,6818,406365,1582,6955,401449,1653,7458,497810,1591,7077,435208,big
158,공조,20170118,7817618,씨제이이앤엠(주),액션,15세 관람가,33457,3,2,9,13,123,249,1,4,9879,1277,24.0,92.0,14606.0,900,4126,151845,918,4157,141569,938,4217,160116,918,4166,151176,big
159,범죄도시,20171003,6879841,"메가박스중앙(주)플러스엠,(주)키위미디어그룹",범죄,청소년 관람불가,35216,6,1,2,6,43,228,0,3,7567,1129,35.0,156.0,30408.0,600,2395,164399,687,2464,206458,871,2966,277219,719,2608,216025,mid
160,군함도,20170726,6592151,씨제이이앤엠(주),액션,15세 관람가,27214,47,6,32,16,127,331,1,2,97770,8642,34.0,98.0,21629.0,2027,10182,972161,1962,10219,559467,1989,10514,582364,1992,10305,704664,big
161,청년경찰,20170809,5653270,롯데쇼핑㈜롯데엔터테인먼트,액션,15세 관람가,24506,3,1,5,2,104,279,1,2,16419,2025,26.0,192.0,36656.0,1102,5954,308298,1065,5700,277400,1046,5598,304102,1071,5750,296600,big
162,더 킹,20170118,5317693,(주)넥스트엔터테인먼트월드(NEW),범죄,15세 관람가,26041,30,2,18,15,96,238,1,4,17679,2089,26.0,72.0,14012.0,1125,5364,288966,1147,5395,238039,1188,5615,261528,1153,5458,262844,big
163,꾼,20171122,4018035,(주)쇼박스,범죄,15세 관람가,14127,0,0,1,9,101,219,0,3,6730,1063,49.0,189.0,38739.0,1195,6295,213172,1210,6393,224945,1253,6666,263452,1219,6451,233856,big
164,강철비,20171214,4014293,(주)넥스트엔터테인먼트월드(NEW),액션,15세 관람가,11193,28,1,8,7,91,228,0,4,5965,1474,41.0,99.0,16112.0,1259,5247,236952,1276,5455,288951,1419,6102,539301,1318,5601,355068,big
165,남한산성,20171003,3849087,씨제이이앤엠(주),사극,15세 관람가,15819,27,2,49,17,138,241,0,3,8809,2005,40.0,155.0,28918.0,1125,5284,444585,1165,5390,552722,1205,5528,599797,1165,5400,532368,big
166,아이 캔 스피크,20170921,3279296,"롯데쇼핑㈜롯데엔터테인먼트,(주)리틀빅픽쳐스",코미디,12세 관람가,9984,25,0,15,1,74,212,0,3,6377,467,37.0,162.0,31512.0,1004,5100,87136,1026,5342,121355,1140,6123,242986,1056,5521,150492,big
167,프리즌,20170323,2931897,(주)쇼박스,범죄,청소년 관람불가,9416,3,0,5,2,120,194,0,1,8022,780,871.0,2563.0,108154.0,909,4234,168336,942,4453,194224,1047,4889,403084,966,4525,255214,big
168,살인자의 기억법,20170906,2658589,(주)쇼박스,범죄,15세 관람가,9052,10,0,30,21,142,235,0,3,9811,2314,7.0,17.0,4720.0,884,4340,143580,942,4421,143225,989,4724,187986,938,4495,158263,big
169,보안관,20170503,2588628,롯데쇼핑㈜롯데엔터테인먼트,범죄,15세 관람가,11809,0,0,12,8,107,225,0,1,2752,461,31.0,123.0,22154.0,669,2682,206706,758,2864,193863,878,3062,281401,768,2869,227323,big
170,조작된 도시,20170209,2515501,씨제이이앤엠(주),범죄,15세 관람가,12437,7,1,5,3,80,235,1,4,12267,1158,34.0,98.0,18203.0,771,3503,157669,825,3784,186738,1006,4495,353192,867,3927,232533,big
171,재심,20170215,2421197,"오퍼스픽쳐스,CGV아트하우스",드라마,15세 관람가,12295,0,0,10,6,87,253,1,4,6797,576,15.0,63.0,13133.0,727,3577,121122,789,3664,133292,831,3920,158861,782,3720,137758,small
172,박열,20170628,2359206,메가박스중앙(주)플러스엠,드라마,12세 관람가,13843,97,8,0,2,127,276,0,2,7265,912,29.0,119.0,19175.0,917,4191,201987,995,4495,141299,1066,4954,174136,992,4546,172474,mid
173,1987,20171227,1942077,씨제이이앤엠(주),드라마,15세 관람가,60507,31,1,40,22,135,273,0,4,13877,2453,45.0,170.0,35331.0,1299,6074,331736,1233,5645,221304,1170,5519,306562,1234,5746,286534,big
174,노무현입니다,20170525,1855149,"CGV아트하우스,영화사 풀",다큐멘터리,12세 관람가,33807,0,0,0,0,133,275,0,1,45099,3322,25.0,50.0,7328.0,580,2743,78816,659,3017,94985,775,3578,205704,671,3112,126501,mid
175,임금님의 사건수첩,20170426,1635003,씨제이이앤엠(주),코미디,12세 관람가,4539,1,0,4,0,49,131,0,1,3320,455,25.0,94.0,16380.0,934,4670,108463,966,4822,79824,979,4919,99361,959,4803,95882,big
176,부라더,20171102,1492903,메가박스중앙(주)플러스엠,코미디,12세 관람가,5655,0,0,1,9,56,152,0,3,3484,487,30.0,130.0,24942.0,712,3426,100941,759,3632,130102,884,4183,249687,785,3747,160243,mid
177,기억의 밤,20171129,1386611,"메가박스중앙(주)플러스엠,주식회사 키위컴퍼니",미스터리,15세 관람가,47648,2,0,2,3,98,205,0,3,5028,594,23.0,42.0,7136.0,704,3266,97245,714,3291,69328,728,3369,89649,715,3308,85407,mid
178,브이아이피,20170823,1373316,워너브러더스 코리아(주),범죄,청소년 관람불가,6476,11,0,10,3,82,216,1,2,8614,1102,28.0,39.0,7480.0,851,3587,174011,897,3857,160139,958,4095,146348,902,3846,160166,small
179,특별시민,20170426,1362634,(주)쇼박스,드라마,15세 관람가,53910,0,0,47,13,85,248,0,1,4647,779,21.0,57.0,8631.0,1154,5445,186007,1132,5565,110872,1150,5597,134485,1145,5535,143788,big
180,장산범,20170817,1306438,(주)넥스트엔터테인먼트월드(NEW),미스터리,15세 관람가,4351,2,1,4,4,111,230,1,2,7814,1310,19.0,49.0,10307.0,621,2755,121834,655,2771,125554,711,2731,202956,662,2752,150114,big
181,악녀,20170608,1208081,(주)넥스트엔터테인먼트월드(NEW),액션,청소년 관람불가,20383,10,0,3,2,99,240,0,2,3562,905,9.0,18.0,4413.0,563,2506,73305,590,2595,80452,671,2724,149219,608,2608,100992,big
182,해빙,20170301,1204600,롯데쇼핑㈜롯데엔터테인먼트,스릴러,15세 관람가,6742,2,0,6,8,92,221,0,1,8972,1012,5.0,9.0,3024.0,828,3969,386128,802,3755,87354,850,3969,91277,826,3897,188253,big
183,하루,20170615,1129609,CGV아트하우스,스릴러,15세 관람가,371130,1,0,3,4,131,263,0,2,2233,287,8.0,36.0,7124.0,672,3672,77978,707,3798,101803,769,4192,199548,716,3887,126443,mid
184,불한당: 나쁜 놈들의 세상,20170517,939535,씨제이이앤엠(주),범죄,청소년 관람불가,7822,10,0,24,6,130,270,0,1,3041,822,41.0,206.0,26263.0,800,3800,95271,813,3776,91667,828,3888,87670,813,3821,91536,big
185,대립군,20170531,837500,이십세기폭스코리아(주),드라마,15세 관람가,7200,18,1,13,9,128,221,0,1,2929,581,28.0,62.0,10744.0,809,3532,136240,776,3447,73171,786,3419,85851,790,3466,98420,small
186,아빠는 딸,20170412,647305,메가박스중앙(주)플러스엠,코미디,12세 관람가,53393,0,0,0,3,53,52,0,1,5211,513,10.0,33.0,7428.0,460,2092,33396,464,2131,31745,478,2170,44942,467,2131,36694,mid
187,침묵,20171102,494097,씨제이이앤엠(주),드라마,15세 관람가,37609,19,0,24,6,110,220,0,3,5381,606,18.0,43.0,6332.0,612,2581,57510,630,2661,60910,634,2633,93390,625,2625,70603,big
188,리얼,20170628,470105,씨제이이앤엠(주),액션,청소년 관람불가,183843,0,0,5,10,113,293,0,2,25803,9210,7.0,18.0,3891.0,970,4097,146965,918,3805,57733,859,3469,46591,915,3790,83763,big
189,반드시 잡는다,20171129,446780,(주)넥스트엔터테인먼트월드(NEW),스릴러,15세 관람가,3555,1,0,6,9,32,40,0,3,2344,497,14.0,31.0,7267.0,557,2591,59907,554,2489,37426,565,2452,38542,558,2510,45291,big
190,원라인,20170329,435048,(주)넥스트엔터테인먼트월드(NEW),범죄,15세 관람가,6101,1,0,5,5,102,189,0,1,3962,460,23.0,44.0,9888.0,613,2376,53333,594,2309,30533,589,2228,41698,598,2304,41854,big
191,보통사람,20170323,383336,오퍼스픽쳐스,드라마,15세 관람가,22056,1,0,1,2,77,130,0,1,2459,363,16.0,40.0,6396.0,621,2604,35583,620,2617,43460,619,2402,86992,620,2541,55345,small
192,대장 김창수,20171019,381483,"씨네그루(주)키다리이엔티,주식회사 키위컴퍼니",드라마,12세 관람가,4814,0,0,6,5,84,130,0,3,3259,744,43.0,95.0,14275.0,734,3091,44469,748,3010,51214,667,2851,78068,716,2984,57917,mid
193,석조저택 살인사건,20170509,353517,씨네그루(주)키다리이엔티,스릴러,15세 관람가,3955,4,0,8,7,29,74,0,1,1987,343,10.0,26.0,5540.0,493,1921,84068,460,1952,25466,460,1921,26492,471,1931,45342,mid
194,싱글라이더,20170222,351276,워너브러더스 코리아(주),드라마,15세 관람가,7476,0,0,22,7,82,176,1,4,3838,916,25.0,43.0,5453.0,554,2402,65584,531,2275,35835,546,2219,39873,543,2298,47097,small
195,7호실,20171115,347790,롯데쇼핑㈜롯데엔터테인먼트,코미디,15세 관람가,4710,5,0,4,3,108,265,0,3,12977,538,29.0,49.0,6379.0,629,2762,55985,599,2792,52005,562,2605,38467,596,2719,48819,big
196,희생부활자,20171012,323628,(주)쇼박스,미스터리,15세 관람가,3057,15,0,8,4,51,132,0,3,5472,660,9.0,9.0,2895.0,781,3808,49100,770,3575,53819,676,3070,74141,742,3484,59020,big
197,미옥,20171109,238587,씨네그루(주)키다리이엔티,범죄,청소년 관람불가,3624,1,0,13,3,71,223,0,3,3455,439,5.0,13.0,2623.0,625,3110,50553,635,3109,40934,609,2931,55584,623,3050,49023,mid
198,어느날,20170405,234829,"오퍼스픽쳐스,CGV아트하우스",멜로/로맨스,15세 관람가,167548,9,0,7,3,91,175,0,1,3837,1139,12.0,28.0,5208.0,457,1933,24326,485,1885,23785,480,1947,27619,474,1921,25243,small
199,채비,20171109,177428,오퍼스픽쳐스,드라마,12세 관람가,8711,0,0,5,1,37,47,0,3,2895,236,6.0,25.0,5187.0,452,1149,13267,462,1143,12780,469,1072,22888,461,1121,16311,small
200,비정규직 특수요원,20170316,149719,"(주)이수C&E,(주)스톰픽쳐스코리아",코미디,15세 관람가,6094,0,0,0,0,45,34,0,1,2648,866,11.0,17.0,3559.0,448,1763,21892,467,1747,20211,493,1550,35653,469,1686,25918,small
201,로마의 휴일,20170830,134827,메가박스중앙(주)플러스엠,코미디,15세 관람가,6480,0,0,0,3,45,34,1,2,1583,670,12.0,45.0,11008.0,416,1792,24402,399,1732,14432,403,1594,14784,406,1706,17872,mid
202,시간위의 집,20170405,128975,"(주)리틀빅픽쳐스,(주)페퍼민트앤컴퍼니",미스터리,15세 관람가,3039,0,0,5,7,79,99,0,1,1987,396,35.0,77.0,6086.0,407,1657,15518,410,1525,14459,422,1483,16466,413,1555,15481,mid
203,루시드 드림,20170222,102170,(주)넥스트엔터테인먼트월드(NEW),SF,15세 관람가,4999,1,0,22,5,55,66,1,4,5696,2034,14.0,39.0,6135.0,461,1738,26333,459,1548,13396,460,1360,12099,460,1548,17276,big
204,"그래, 가족",20170215,46623,월트디즈니컴퍼니코리아 유한책임회사,코미디,12세 관람가,12899,0,0,3,6,67,53,1,4,2746,170,10.0,11.0,2798.0,353,940,8010,361,884,7301,347,799,6092,353,874,7134,small
205,역모-반란의 시대,20171123,30116,(주)스톰픽쳐스코리아,사극,15세 관람가,2810,0,0,1,6,46,63,0,3,1436,301,5.0,14.0,2314.0,349,777,5727,355,763,5001,336,617,4340,346,719,5022,small
206,이웃집 스타,20170921,10854,(주)스톰픽쳐스코리아,코미디,12세 관람가,6325,0,0,0,1,27,17,0,3,1041,107,5.0,8.0,1704.0,256,470,1894,240,423,1284,239,372,2003,245,421,1727,small
207,구세주: 리턴즈,20170914,6151,(주)박수엔터테인먼트,코미디,15세 관람가,1071,0,0,0,0,13,3,0,3,327,167,2.0,4.0,1176.0,124,200,793,116,194,643,116,170,740,118,188,725,small
208,신과함께-인과 연,20180801,12274353,롯데컬처웍스(주)롯데엔터테인먼트,판타지,12세 관람가,15760,38,8,25,24,136,257,1,2,5023,350,42.0,99.0,21749.0,1967,9825,1246603,2054,10079,1078012,2126,10543,1078478,2049,10149,1134364,small
209,안시성,20180919,5438066,(주)넥스트엔터테인먼트월드(NEW),사극,12세 관람가,15363,2,2,3,7,134,271,0,3,2468,489,31.0,123.0,25250.0,1121,4772,122859,1172,4795,133051,1175,5107,211699,1156,4891,155869,big
210,완벽한 타인,20181031,5194618,롯데컬처웍스(주)롯데엔터테인먼트,드라마,15세 관람가,12795,0,2,19,21,83,233,0,3,608,92,136.0,590.0,47110.0,1081,4950,274118,1048,5005,170213,1122,5440,248122,1083,5131,230817,small
211,독전,20180522,5063620,(주)넥스트엔터테인먼트월드(NEW),범죄,15세 관람가,13460,13,3,12,12,138,247,0,1,2703,174,12.0,36.0,7117.0,1063,5133,376530,1071,5241,161146,1078,5100,158565,1070,5158,232080,big
212,공작,20180808,4974463,씨제이이앤엠(주),드라마,12세 관람가,39433,24,0,24,18,128,248,1,2,2437,263,27.0,62.0,15097.0,934,3835,333316,1103,4329,293161,1204,4864,319083,1080,4342,315186,big
213,암수살인,20181003,3789222,(주)쇼박스,범죄,15세 관람가,8764,0,0,15,11,107,224,0,3,1474,383,25.0,111.0,20512.0,957,4925,439309,942,4903,156928,1018,5215,216771,972,5014,271002,big
214,마녀,20180627,3189091,워너브러더스 코리아(주),미스터리,15세 관람가,41221,11,0,10,4,107,241,0,2,275,45,10.0,32.0,7836.0,880,3793,121990,864,3980,94414,921,4213,136113,888,3995,117505,small
215,탐정: 리턴즈,20180613,3152873,씨제이이앤엠(주),코미디,15세 관람가,5997,4,0,1,5,62,194,0,2,760,76,25.0,94.0,15947.0,971,4887,235184,967,4809,92253,947,4879,127030,961,4858,151489,big
216,너의 결혼식,20180822,2820685,메가박스중앙(주)플러스엠,멜로/로맨스,12세 관람가,11237,0,0,11,2,91,223,1,2,2034,105,21.0,145.0,31020.0,736,3456,99411,778,3389,76677,849,3737,143132,787,3527,106406,mid
217,곤지암,20180328,2675575,(주)쇼박스,공포(호러),15세 관람가,6632,5,0,0,1,112,272,0,1,744,340,153.0,623.0,68083.0,808,3501,198365,849,3713,117945,954,4237,185811,870,3817,167373,big
218,지금 만나러 갑니다,20180314,2602273,롯데쇼핑㈜롯데엔터테인먼트,멜로/로맨스,12세 관람가,9915,0,0,24,4,98,182,0,1,2078,190,35.0,130.0,22580.0,990,4276,89772,1020,4317,85399,1051,4579,125650,1020,4390,100273,big
219,목격자,20180815,2524634,(주)넥스트엔터테인먼트월드(NEW),스릴러,15세 관람가,26130,0,0,3,9,115,245,1,2,583,74,37.0,122.0,24080.0,808,3539,368981,808,3605,161783,868,3868,177251,828,3670,236005,big
220,조선명탐정: 흡혈괴마의 비밀,20180208,2444145,(주)쇼박스,사극,12세 관람가,5073,1,0,7,14,90,171,1,4,3955,259,72.0,202.0,35646.0,1140,5972,142796,1183,6140,155170,1249,6608,327600,1190,6240,208522,big
221,국가부도의 날,20181128,2222059,씨제이이앤엠(주),드라마,12세 관람가,7876,0,0,19,9,129,229,0,3,1172,275,22.0,111.0,19208.0,1180,5726,301330,1133,5709,181581,1156,5964,242516,1156,5799,241809,big
222,명당,20180919,2086418,메가박스중앙(주)플러스엠,사극,12세 관람가,14134,0,0,20,14,145,196,0,3,1758,112,21.0,64.0,11099.0,1069,4440,108903,1046,4362,90103,1043,4588,114575,1052,4463,104527,mid
223,협상,20180919,1967149,씨제이이앤엠(주),범죄,15세 관람가,50670,0,0,19,4,105,222,0,3,946,169,50.0,125.0,24577.0,898,3889,81031,883,3746,67737,868,3794,99740,883,3809,82836,big
224,창궐,20181025,1599290,(주)넥스트엔터테인먼트월드(NEW),사극,15세 관람가,11646,3,2,4,2,125,249,0,3,1631,238,20.0,61.0,11370.0,1283,6237,156629,1304,6399,204987,1351,6908,340570,1312,6514,234062,big
225,성난황소,20181122,1540004,(주)쇼박스,범죄,15세 관람가,5825,0,0,1,5,56,142,0,3,476,115,311.0,1151.0,84548.0,978,4455,135764,987,4558,151350,1006,4676,282197,990,4563,189770,big
226,리틀 포레스트,20180228,1505997,메가박스중앙(주)플러스엠,드라마,전체 관람가,11447,15,0,24,5,105,303,1,4,5613,276,35.0,84.0,15598.0,831,4188,131350,884,4274,167097,830,4101,78782,848,4187,125743,mid
227,골든슬럼버,20180214,1387508,씨제이이앤엠(주),범죄,15세 관람가,6084,0,0,18,19,112,218,1,4,4790,584,23.0,48.0,8685.0,762,3653,161564,822,3626,183922,815,3512,223269,799,3597,189585,big
228,궁합,20180228,1340117,씨제이이앤엠(주),코미디,12세 관람가,23869,0,0,5,3,116,249,1,4,5828,572,7.0,20.0,4602.0,855,4103,175057,876,4228,254670,884,4283,103101,871,4204,177609,big
229,사라진 밤,20180307,1315726,씨네그루(주)키다리이엔티,스릴러,15세 관람가,10544,0,0,1,4,110,173,0,1,397,58,33.0,52.0,8223.0,697,3386,57161,608,2996,65087,683,3207,91236,662,3196,71161,mid
230,바람 바람 바람,20180405,1194229,(주)넥스트엔터테인먼트월드(NEW),코미디,청소년 관람불가,6165,2,0,4,5,124,181,0,1,774,97,38.0,101.0,17430.0,792,3677,95534,955,4105,135974,985,4843,206378,910,4208,145962,big
231,챔피언,20180501,1128774,워너브러더스 코리아(주),드라마,12세 관람가,29365,1,0,1,6,76,163,0,1,726,101,11.0,14.0,3455.0,795,3892,139965,816,3921,62830,815,3697,54305,808,3836,85700,small
232,염력,20180131,990111,(주)넥스트엔터테인먼트월드(NEW),드라마,15세 관람가,7902,18,2,11,7,126,243,1,4,4301,1096,8.0,31.0,8581.0,1099,6347,264711,1053,5998,101924,1051,5717,103337,1067,6020,156657,big
233,인랑,20180725,898945,워너브러더스 코리아(주),SF,15세 관람가,10195,37,4,13,15,136,244,1,2,2941,948,69.0,96.0,19666.0,1085,4503,274510,1029,4270,101715,977,3838,88857,1030,4203,155027,small
234,레슬러,20180509,771141,롯데쇼핑㈜롯데엔터테인먼트,드라마,15세 관람가,8150,0,0,7,10,97,165,0,1,523,162,156.0,595.0,53608.0,878,4613,63660,881,4442,53923,902,4614,69096,887,4556,62226,big
235,상류사회,20180829,768249,롯데컬처웍스(주)롯데엔터테인먼트,드라마,청소년 관람불가,11005,0,0,7,3,80,178,1,2,364,467,6.0,15.0,3288.0,867,3691,131795,820,3590,82912,841,3634,89069,842,3638,101258,small
236,물괴,20180912,723951,"롯데컬처웍스(주)롯데엔터테인먼트,씨네그루(주)키다리이엔티",액션,15세 관람가,7215,2,0,5,5,125,254,0,3,1274,245,27.0,52.0,7437.0,1183,6519,105255,1151,6385,79106,1163,6409,93286,1165,6437,92549,small
237,미쓰백,20181011,722004,(주)리틀빅픽쳐스,드라마,15세 관람가,7084,1,0,4,2,114,275,0,3,690,78,8.0,59.0,10432.0,547,2141,21887,582,2183,34098,624,2190,60163,584,2171,38716,mid
238,버닝,20180517,528372,CGV아트하우스,미스터리,청소년 관람불가,14642,69,0,4,3,122,272,0,1,10341,3921,9.0,14.0,3101.0,728,2837,54088,739,2776,60958,705,2540,85021,724,2717,66689,mid
239,7년의 밤,20180328,528007,씨제이이앤엠(주),스릴러,15세 관람가,13150,14,1,10,5,94,192,0,1,5888,454,19.0,52.0,7911.0,872,3361,124688,836,3275,52833,812,3227,57164,840,3287,78228,big
240,변산,20180704,490519,메가박스중앙(주)플러스엠,드라마,15세 관람가,7676,97,8,5,1,78,209,1,2,1025,103,14.0,110.0,18814.0,763,3298,43149,741,3098,40456,695,2885,45057,733,3093,42887,mid
241,동네사람들,20181107,460381,(주)리틀빅픽쳐스,액션,15세 관람가,37499,0,0,7,6,40,114,0,3,517,88,10.0,27.0,4731.0,666,3131,54297,693,2867,51055,715,2833,53633,691,2943,52995,mid
242,원더풀 고스트,20180926,450374,"(주)제이앤씨미디어그룹,TCO(주)더콘텐츠온",코미디,12세 관람가,3365,0,0,1,5,21,75,0,3,946,134,12.0,33.0,6318.0,351,1856,163644,344,1813,35733,349,1796,36922,348,1821,78766,small
243,흥부: 글로 세상을 바꾼 자,20180214,416303,롯데쇼핑㈜롯데엔터테인먼트,사극,12세 관람가,780,9,0,4,6,63,184,1,4,4290,342,8.0,16.0,3850.0,557,2359,43694,579,2072,62908,568,1770,80692,568,2067,62431,big
244,도어락,20181205,395313,메가박스중앙(주)플러스엠,스릴러,15세 관람가,4619,0,0,0,3,118,241,0,4,383,68,44.0,108.0,20042.0,854,4323,122978,863,3986,112469,913,4226,139818,876,4178,125088,mid
245,허스토리,20180627,336100,(주)넥스트엔터테인먼트월드(NEW),드라마,12세 관람가,6906,8,0,8,4,75,230,0,2,494,49,55.0,190.0,32406.0,696,2617,44340,657,2590,25879,602,2469,25042,651,2558,31753,big
246,덕구,20180405,315359,메가박스중앙(주)플러스엠,드라마,전체 관람가,2781,0,0,0,1,31,102,0,1,446,27,9.0,49.0,11763.0,463,1760,17766,462,1703,20919,509,1486,40590,478,1649,26425,mid
247,번 더 스테이지: 더 무비,20181115,315014,월트디즈니컴퍼니코리아 유한책임회사,기타,전체 관람가,1036,0,0,0,0,52,131,0,3,1765,56,,,,243,698,76800,185,561,41901,200,533,61237,209,597,59979,small
248,치즈인더트랩,20180314,229005,(주)리틀빅픽쳐스,멜로/로맨스,15세 관람가,16072,0,0,1,3,116,141,0,1,3832,279,43.0,52.0,6155.0,346,1636,32805,338,1526,16640,350,1559,23166,344,1573,24203,mid
249,속닥속닥,20180713,217444,(주)그노스,공포(호러),15세 관람가,2522,0,0,0,0,56,122,1,2,272,35,7.0,11.0,2542.0,266,1216,56855,314,1330,61369,298,1284,43373,292,1276,53865,small
250,나를 기억해,20180419,141222,씨네그루(주)키다리이엔티,미스터리,청소년 관람불가,132994,0,0,2,1,42,73,0,1,555,104,2.0,5.0,833.0,484,2267,18797,514,2374,22593,545,2370,33511,514,2337,24967,mid
251,독전: 익스텐디드 컷,20180718,137871,(주)넥스트엔터테인먼트월드(NEW),범죄,15세 관람가,416,13,3,12,12,108,183,1,2,2703,174,,,,251,471,19998,303,592,14829,347,750,18465,300,604,17764,big
252,게이트,20180228,101381,(주)제이앤씨미디어그룹,범죄,15세 관람가,27412,0,0,11,9,27,33,1,4,371,121,5.0,9.0,1890.0,179,528,13723,208,554,19761,203,545,8289,196,542,13924,small
253,여중생A,20180620,97850,롯데컬처웍스(주)롯데엔터테인먼트,드라마,12세 관람가,4849,0,0,1,1,166,240,0,2,2820,337,18.0,34.0,5877.0,479,1730,11085,455,1321,5871,447,1308,7804,460,1453,8253,small
254,여곡성,20181108,67368,(주)스마일이엔티,공포(호러),15세 관람가,3475,0,0,4,1,76,128,0,3,391,93,3.0,7.0,1586.0,191,901,11477,196,830,12119,212,681,16151,199,804,13249,small
255,번개맨과 신비의 섬,20180405,60561,"힘컨텐츠(주),(주)디스테이션",가족,전체 관람가,69,0,0,0,0,0,4,0,1,57,8,3.0,3.0,638.0,114,137,2357,120,146,1602,182,407,16093,138,230,6684,small
256,머니백,20180412,53610,(주)리틀빅픽쳐스,액션,15세 관람가,2180,0,0,17,14,24,39,0,1,262,50,14.0,27.0,5079.0,472,1285,7666,463,1175,8000,463,932,12015,466,1130,9227,mid
257,데자뷰,20180530,48279,씨네그루(주)키다리이엔티,미스터리,15세 관람가,4593,0,0,0,0,44,51,0,1,159,42,6.0,9.0,1665.0,536,1759,15214,475,1515,6138,465,1239,5872,492,1504,9074,mid
258,비밥바룰라,20180124,47565,씨네그루(주)키다리이엔티,코미디,12세 관람가,1795,0,0,0,1,25,26,1,4,1231,77,9.0,12.0,1976.0,347,647,8922,347,648,6087,325,560,5399,339,618,6802,mid
259,배반의 장미,20181018,41054,롯데컬처웍스(주)롯데엔터테인먼트,코미디,15세 관람가,3616,0,0,1,4,38,45,0,3,115,46,5.0,5.0,1012.0,457,1384,9499,446,1235,6437,434,994,7436,445,1204,7790,small
260,해피 투게더,20181115,26141,플레이리스트(주),드라마,12세 관람가,34161,0,0,0,4,15,27,0,3,580,32,8.0,13.0,1998.0,240,373,3191,231,343,1992,225,318,4071,232,344,3084,small
261,번개맨의 비밀,20181206,6315,(주)디스테이션,가족,전체 관람가,183,0,0,0,0,0,1,0,4,54,8,3.0,7.0,1289.0,204,229,2513,189,205,2513,309,424,14058,234,286,6361,small
