,영화명,개봉일,관객수,배급사,장르,기사수,감독수상,감독파워,개봉이전_스크린수,개봉이전_상영횟수,개봉이전_관객수,개봉1일_스크린수,개봉1일_상영횟수,개봉1일_관객수,개봉2일_스크린수,개봉2일_상영횟수,개봉2일_관객수,개봉3일_스크린수,개봉3일_상영횟수,개봉3일_관객수,상영등급,기대지수,비기대지수,holiday,season
0,명량,20140730,17613682,씨제이이앤엠(주),사극,56134,28,2,37,157,22500,1159,6147,682701,1202,6258,705070,1300,6699,867437,15세 관람가,13639,1126,1,2
1,해적: 바다로 간 산적,20140806,8666046,롯데쇼핑㈜롯데엔터테인먼트,어드벤처,22656,9,4,27,167,35335,786,3970,273445,795,3932,254862,789,3947,297432,12세 관람가,4941,1537,1,2
2,수상한 그녀,20140122,8657982,씨제이이앤엠(주),드라마,61925,27,2,19,149,31394,577,2672,142843,588,2740,138364,613,2909,175833,15세 관람가,0,0,1,4
3,국제시장,20141217,5345677,씨제이이앤엠(주),드라마,53038,37,2,68,236,33048,931,4444,184756,954,4491,198552,966,4644,241578,12세 관람가,12784,2052,0,4
4,군도: 민란의 시대,20140723,4774931,(주)쇼박스,사극,21502,24,0,44,72,13964,1250,6252,551841,1273,6374,419127,1295,6641,468320,15세 관람가,14319,1262,1,2
5,타짜-신의 손,20140903,4015361,"롯데쇼핑㈜롯데엔터테인먼트,(주)싸이더스",드라마,19273,16,2,28,84,16803,768,3208,201749,789,3339,137708,827,3572,186192,청소년 관람불가,7157,3757,0,3
6,역린,20140430,3849552,롯데쇼핑㈜롯데엔터테인먼트,사극,17528,0,2,25,35,6366,947,4654,287855,995,4828,359186,1020,4982,256994,15세 관람가,6255,810,0,1
7,신의 한 수,20140703,3566852,(주)쇼박스,범죄,190686,0,0,504,1320,73945,664,3506,181459,716,3733,201477,794,4079,369886,청소년 관람불가,2407,365,1,2
8,끝까지 간다,20140529,3450305,(주)쇼박스,액션,41217,12,1,107,300,26472,629,3216,79698,625,3271,107280,645,3430,222279,15세 관람가,1320,229,0,1
9,표적,20140430,2841828,씨제이이앤엠(주),액션,23813,1,0,18,34,7010,576,3132,105838,610,3110,154618,639,3260,141583,15세 관람가,1717,191,0,1
10,나의 사랑 나의 신부,20141008,2141155,씨네그루(주)다우기술,멜로/로맨스,13586,1,0,81,212,12831,577,2935,88406,587,3120,201045,610,3032,114571,15세 관람가,8499,921,0,3
11,남자가 사랑할 때,20140122,1979311,(주)넥스트엔터테인먼트월드(NEW),멜로/로맨스,9097,0,0,11,29,6982,484,2212,98730,497,2219,85593,511,2268,98632,15세 관람가,0,0,1,4
12,기술자들,20141224,1778083,롯데쇼핑㈜롯데엔터테인먼트,범죄,21944,1,0,477,1409,63883,641,3226,274404,614,3126,422784,629,3082,168545,15세 관람가,24306,2459,0,4
13,제보자,20141002,1755181,메가박스중앙(주)플러스엠,드라마,13903,15,0,25,104,21156,676,3511,107854,661,3520,214023,650,3339,188016,12세 관람가,3728,633,0,3
14,피끓는 청춘,20140122,1676040,롯데쇼핑㈜롯데엔터테인먼트,코미디,6921,1,0,22,43,8566,557,2641,157026,607,2789,135915,626,2921,134260,15세 관람가,0,0,1,4
15,두근두근 내 인생,20140903,1624601,씨제이이앤엠(주),드라마,11258,7,0,36,96,13610,612,2980,99364,605,2898,63160,629,2920,100128,12세 관람가,15718,3747,0,3
16,우아한 거짓말,20140313,1619188,CGV아트하우스,드라마,14524,3,2,62,149,15982,485,2313,54153,487,2436,77528,553,2809,187283,12세 관람가,163,13,0,1
17,해무(海霧),20140813,1475507,(주)넥스트엔터테인먼트월드(NEW),드라마,157,9,0,18,54,12091,580,3076,174827,584,3077,159769,548,2776,227378,청소년 관람불가,7489,1057,1,2
18,인간중독,20140514,1441973,(주)넥스트엔터테인먼트월드(NEW),멜로/로맨스,25409,18,0,10,18,4679,576,2742,89092,603,2777,107663,644,2935,126444,청소년 관람불가,5486,1115,0,1
19,찌라시: 위험한 소문,20140220,1221427,씨제이이앤엠(주),범죄,3938,2,2,9,26,4631,466,2193,91576,479,2280,98038,552,2468,173347,15세 관람가,0,0,1,4
20,빅매치,20141127,1177438,(주)넥스트엔터테인먼트월드(NEW),액션,10132,10,0,446,1132,60677,618,2898,75112,626,2998,96658,627,3103,165268,15세 관람가,4634,739,0,3
21,슬로우 비디오,20141002,1169562,이십세기폭스코리아(주),드라마,5936,2,0,17,67,11947,596,3171,98673,618,3433,222079,613,3412,182455,12세 관람가,8508,962,0,3
22,방황하는 칼날,20140410,989906,씨제이이앤엠(주),범죄,4496,3,0,12,43,7863,481,2217,66643,518,2396,84300,594,2741,157498,청소년 관람불가,1932,155,0,1
23,우리는 형제입니다,20141023,970373,(주)쇼박스,코미디,10506,10,0,69,119,4348,517,2569,62171,533,2706,75401,547,2936,141213,12세 관람가,5789,669,0,3
24,카트,20141113,812490,(주)리틀빅픽쳐스,드라마,18289,5,0,51,195,30423,533,2646,101033,544,2655,57791,539,2678,125500,12세 관람가,48999,3049,0,3
25,관능의 법칙,20140213,781516,롯데쇼핑㈜롯데엔터테인먼트,드라마,7556,4,0,22,103,21016,591,2748,58083,588,2785,76470,532,2420,106949,청소년 관람불가,0,0,1,4
26,상의원,20141224,676632,"(주)쇼박스,(주)와우픽쳐스",사극,13202,3,0,77,206,18634,466,2171,108567,454,2010,179740,453,1931,66867,15세 관람가,8746,1553,0,4
27,플랜맨,20140109,632299,롯데쇼핑㈜롯데엔터테인먼트,드라마,4349,0,0,46,83,16573,458,2024,54251,441,2029,56264,433,2006,111867,15세 관람가,0,0,1,4
28,우는 남자,20140604,603495,씨제이이앤엠(주),액션,12694,19,1,408,1128,47328,500,2497,121991,508,2451,67165,480,2119,93916,청소년 관람불가,2136,461,0,2
29,패션왕,20141106,594871,(주)넥스트엔터테인먼트월드(NEW),코미디,14115,1,0,12,17,3869,518,2327,48348,523,2361,53277,515,2314,128083,15세 관람가,39795,8414,0,3
30,황제를 위하여,20140611,592435,유나이티드픽처스(주),액션,5908,0,0,4,12,2847,366,1150,39397,381,2040,51779,402,2132,55598,청소년 관람불가,2734,323,0,2
31,몬스터,20140313,526557,롯데쇼핑㈜롯데엔터테인먼트,스릴러,39560,0,0,7,11,2366,469,2235,67380,489,2346,79801,527,2638,118950,청소년 관람불가,83,20,0,1
32,또 하나의 약속,20140206,497613,(주)오에이엘,드라마,23347,0,0,26,48,9266,159,653,27304,169,697,29139,192,804,55258,12세 관람가,0,0,1,4
33,소녀괴담,20140702,481696,(주)리틀빅픽쳐스,미스터리,6683,2,0,7,13,2168,325,920,24638,416,2105,50390,416,2127,68836,15세 관람가,3750,364,1,2
34,조선미녀삼총사,20140129,480361,(주)쇼박스,코미디,5580,1,0,19,37,6799,388,1963,60234,384,1717,73883,379,1535,91330,12세 관람가,0,0,1,4
35,마담 뺑덕,20141002,471172,씨제이이앤엠(주),멜로/로맨스,12554,1,0,21,49,8522,536,2681,67072,509,2510,87072,474,2253,67742,청소년 관람불가,7380,1585,0,3
36,좋은 친구들,20140710,407228,씨제이이앤엠(주),범죄,9783,0,0,336,1853,40584,348,1784,38128,354,1752,39276,370,1595,56050,청소년 관람불가,2153,268,1,2
37,나의 독재자,20141030,385932,롯데쇼핑㈜롯데엔터테인먼트,드라마,9345,10,0,474,1096,29256,637,2838,37015,654,2958,55203,630,2903,83246,15세 관람가,2953,761,0,3
38,하이힐,20140603,341634,롯데쇼핑㈜롯데엔터테인먼트,범죄,15447,10,0,27,36,6369,291,753,13936,385,1683,47669,374,1644,30549,청소년 관람불가,2252,305,0,2
39,레드카펫,20141023,316953,(주)프레인글로벌,멜로/로맨스,287654,0,0,24,50,6916,375,1673,26180,385,1761,31504,378,1739,44259,15세 관람가,4017,905,0,3
40,덕수리 5형제,20141204,210777,롯데쇼핑㈜롯데엔터테인먼트,코미디,4223,0,0,13,32,5647,327,1342,18744,339,1362,23897,346,1257,41273,15세 관람가,1647,604,0,4
41,아빠를 빌려드립니다,20141120,172652,"메가박스중앙(주)플러스엠,(주)레드로버",코미디,3861,0,0,91,120,7052,324,1140,13283,322,1140,17132,326,1008,34844,12세 관람가,3445,442,0,3
42,가시,20140410,142170,(주)인벤트스톤,멜로/로맨스,30687,9,0,7,17,3618,339,1638,20553,333,1658,20513,345,1511,27216,청소년 관람불가,2456,413,0,1
43,맨홀,20141008,133663,롯데쇼핑㈜롯데엔터테인먼트,공포(호러),4750,0,0,11,17,3931,279,1462,26180,285,1332,29174,286,1261,13350,청소년 관람불가,5589,1139,0,3
44,터널 3D,20140820,80989,(주)박수엔터테인먼트,공포(호러),5947,0,0,6,17,3571,264,916,19255,255,782,9033,258,742,8583,15세 관람가,2869,587,1,2
45,설계,20140918,45726,(주)팝엔터테인먼트,스릴러,92767,0,0,2,6,1635,252,932,8031,257,888,7214,249,677,7289,청소년 관람불가,613,251,0,3
46,백프로,20140403,37909,(주)마인스 엔터테인먼트,코미디,1985,0,0,6,8,1507,224,796,5451,227,780,4860,236,834,9552,15세 관람가,1123,138,0,1
47,베테랑,20150805,13414009,씨제이이앤엠(주),액션,93360,47,6,39,145,25421,957,5096,414219,942,5009,404907,984,5100,477754,15세 관람가,9952,1339,1,2
48,암살,20150722,12705700,(주)쇼박스,액션,81348,40,4,37,64,14375,1264,6245,477541,1330,6497,435039,1370,6813,543245,15세 관람가,20846,3541,1,2
49,내부자들,20151119,7055332,(주)쇼박스,범죄,35719,16,2,712,1814,113784,907,4418,230949,954,4638,283518,1072,5334,489503,청소년 관람불가,12198,5619,0,3
50,사도,20150916,6246849,(주)쇼박스,사극,42818,97,8,15,63,14455,1123,6108,250237,1190,6447,223381,1203,6661,281969,12세 관람가,22459,2652,0,3
51,연평해전,20150624,6043784,(주)넥스트엔터테인먼트월드(NEW),드라마,17579,9,1,42,81,9223,667,3147,153400,717,3296,170284,850,3688,228338,12세 관람가,28626,3205,0,2
52,검은 사제들,20151105,5442128,씨제이이앤엠(주),미스터리,19521,10,1,19,39,7584,834,4657,191090,887,4988,272689,1064,5983,581845,15세 관람가,15918,2041,0,3
53,히말라야,20151216,5129409,씨제이이앤엠(주),드라마,23893,9,4,77,168,26776,1009,4923,203173,978,4733,190883,1007,4926,242838,12세 관람가,13693,1976,0,4
54,조선명탐정 : 사라진 놉의 딸,20150211,3872015,(주)쇼박스,사극,7541,1,0,14,34,8202,740,3670,113443,766,3741,110284,769,3889,137631,12세 관람가,7406,952,1,4
55,스물,20150325,3044811,(주)넥스트엔터테인먼트월드(NEW),코미디,23837,2,0,58,167,18501,786,4212,151161,829,4500,114294,831,4667,160114,15세 관람가,27413,2121,0,1
56,극비수사,20150618,2860786,(주)쇼박스,드라마,10789,15,0,18,37,6663,722,3979,181737,770,4278,205567,894,4945,412599,15세 관람가,9189,1140,0,2
57,탐정 : 더 비기닝,20150924,2625686,씨제이이앤엠(주),코미디,6376,2,0,49,200,24775,486,2200,50533,494,2294,95087,530,2379,182738,15세 관람가,3319,638,0,3
58,악의 연대기,20150514,2192525,씨제이이앤엠(주),스릴러,10953,1,0,22,65,12711,693,3816,114540,715,4002,168889,776,4415,293387,15세 관람가,5113,582,0,1
59,강남 1970,20150121,2192276,(주)쇼박스,액션,20733,15,0,12,48,10822,684,2816,152329,696,2847,128753,752,3044,148335,청소년 관람불가,21361,4102,1,4
60,뷰티 인사이드,20150820,2053435,(주)넥스트엔터테인먼트월드(NEW),판타지,23636,0,0,81,237,29229,633,2819,114401,646,2885,118845,648,2867,185720,12세 관람가,17219,6346,1,2
61,오늘의 연애,20150114,1891993,씨제이이앤엠(주),멜로/로맨스,17057,19,0,9,35,7684,577,2798,133838,598,2900,153283,625,3070,157607,15세 관람가,19766,2573,1,4
62,쎄시봉,20150205,1715370,씨제이이앤엠(주),멜로/로맨스,14729,25,0,25,66,11447,757,3918,96139,773,4016,110021,829,4184,215539,15세 관람가,12076,24436,1,4
63,더 폰,20151022,1593694,(주)넥스트엔터테인먼트월드(NEW),스릴러,6409,2,0,37,88,18634,705,3328,97241,749,3517,133145,794,3976,249459,15세 관람가,5205,480,0,3
64,대호,20151216,1584168,(주)넥스트엔터테인먼트월드(NEW),사극,15321,11,0,27,92,19064,892,4005,128396,863,3534,107684,832,3491,116610,12세 관람가,8397,1702,0,4
65,차이나타운,20150429,1472106,CGV아트하우스,범죄,23441,6,0,22,39,6348,443,2077,90899,495,2272,88335,500,2277,135205,청소년 관람불가,5953,991,0,1
66,장수상회,20150409,1165780,씨제이이앤엠(주),멜로/로맨스,9525,30,2,38,116,17046,640,3079,53241,653,3215,58574,688,3479,116858,12세 관람가,15600,1136,0,1
67,성난 변호사,20151008,1128288,씨제이이앤엠(주),범죄,5356,2,0,65,123,13682,607,2839,89466,593,2800,160928,577,2666,156779,15세 관람가,2973,470,0,3
68,간신,20150521,1110246,롯데쇼핑㈜롯데엔터테인먼트,사극,14926,8,0,10,40,8947,674,3057,83605,673,3140,92994,697,3105,148495,청소년 관람불가,4570,2003,0,1
69,그놈이다,20151028,1046015,CGV아트하우스,스릴러,14737,0,0,17,39,6343,510,2354,97168,541,2518,68453,590,2773,89633,15세 관람가,5658,575,0,3
70,미쓰 와이프,20150813,988451,메가박스중앙(주)플러스엠,코미디,9913,0,0,32,101,15981,413,1645,56370,415,1518,84681,425,1412,90596,15세 관람가,4930,729,1,2
71,허삼관,20150114,955679,(주)넥스트엔터테인먼트월드(NEW),드라마,11846,18,0,37,53,7868,584,2684,73635,621,2687,84013,582,2646,87228,12세 관람가,10731,2165,1,4
72,살인의뢰,20150312,855980,씨네그루(주)다우기술,범죄,4746,0,0,9,25,6359,481,2492,80774,508,2626,88138,646,3140,187447,청소년 관람불가,8238,1486,0,1
73,손님,20150709,828025,씨제이이앤엠(주),판타지,73856,0,0,18,40,7612,493,2296,144967,608,2643,112763,634,2842,181557,15세 관람가,7780,1337,1,2
74,열정같은소리하고있네,20151125,654102,(주)넥스트엔터테인먼트월드(NEW),드라마,6445,3,0,22,53,10298,550,2558,59737,566,2565,45872,560,2631,57470,15세 관람가,8738,935,0,3
75,특종: 량첸살인기,20151022,616481,롯데쇼핑㈜롯데엔터테인먼트,스릴러,5544,3,0,34,120,24712,776,3626,64516,767,3649,80057,743,3522,127138,15세 관람가,2717,440,0,3
76,서부전선,20150924,609063,롯데쇼핑㈜롯데엔터테인먼트,전쟁,6398,0,0,10,18,4899,499,2120,47432,489,2155,48953,495,2018,79513,12세 관람가,4085,1098,0,3
77,헬머니,20150305,522929,(주)넥스트엔터테인먼트월드(NEW),코미디,3301,0,0,12,18,3904,368,1901,35936,380,1968,40055,422,2052,75954,청소년 관람불가,6556,876,0,1
78,위험한 상견례 2,20150429,472693,"롯데쇼핑㈜롯데엔터테인먼트,(주)마인스 엔터테인먼트",멜로/로맨스,7415,0,0,13,28,5687,341,783,16506,422,1583,28561,427,1497,47817,15세 관람가,2757,779,0,1
79,순수의 시대,20150305,469891,씨제이이앤엠(주),사극,10096,2,0,23,51,10127,512,2569,61795,523,2648,59611,546,2782,108423,청소년 관람불가,7092,1436,0,1
80,오피스,20150903,441208,(주)리틀빅픽쳐스,스릴러,214023,3,0,14,70,13061,382,1842,46567,409,1882,49454,415,1854,84900,15세 관람가,3593,510,0,3
81,"협녀, 칼의 기억",20150813,431310,롯데쇼핑㈜롯데엔터테인먼트,사극,10491,7,0,11,28,6453,572,2679,79801,562,2410,96717,498,1893,88403,15세 관람가,5465,5503,1,2
82,무뢰한,20150527,414641,CGV아트하우스,멜로/로맨스,14066,8,0,21,46,8043,482,2281,50014,474,2292,36257,477,2320,41949,청소년 관람불가,4059,553,0,1
83,내 심장을 쏴라,20150128,387409,"(주)리틀빅픽쳐스,(주)이수C&E",드라마,6833,0,0,8,21,3969,430,2191,60407,422,2162,40561,441,2229,43565,15세 관람가,6860,759,1,4
84,소수의견,20150624,383582,(주)시네마서비스,드라마,14201,7,0,31,71,16758,378,1842,34334,385,1762,25161,394,1727,33849,15세 관람가,5222,771,0,2
85,경성학교: 사라진 소녀들,20150618,356415,롯데쇼핑㈜롯데엔터테인먼트,미스터리,7048,13,3,6,11,2758,476,2406,53657,470,2454,55098,489,2486,83336,15세 관람가,8640,1340,0,2
86,치외법권,20150827,346483,판씨네마(주),액션,6302,0,0,8,27,5650,405,2060,49585,431,2059,46596,446,1935,78064,15세 관람가,3298,653,1,2
87,극적인 하룻밤,20151203,320884,CGV아트하우스,멜로/로맨스,7220,0,0,2,7,1362,386,1847,35140,398,1891,35249,434,1936,55812,청소년 관람불가,2589,530,0,4
88,도리화가,20151125,317505,씨제이이앤엠(주),사극,11834,0,0,20,33,6760,544,2372,49216,550,2333,34219,563,2327,39975,12세 관람가,12459,6309,0,3
89,함정,20150910,257990,(주)인벤트스톤,스릴러,16927,0,0,13,43,9178,359,1200,32277,393,1300,39065,445,1456,65545,청소년 관람불가,2023,551,0,3
90,조선마술사,20151230,224657,롯데쇼핑㈜롯데엔터테인먼트,드라마,10861,11,0,9,16,4472,596,2437,115456,583,2469,104729,608,2319,145065,12세 관람가,13233,1617,0,4
91,연애의 맛,20150507,214539,"(주)와우픽쳐스,(주)쇼박스",멜로/로맨스,11278,0,0,5,11,2385,390,1452,16462,398,1469,20694,397,1363,43494,청소년 관람불가,1176,541,0,1
92,내부자들: 디 오리지널,20151231,160148,(주)쇼박스,범죄,3497,16,2,3,7,1082,595,1533,159066,822,2088,247992,837,2076,232822,청소년 관람불가,0,0,0,4
93,은밀한 유혹,20150604,145547,씨제이이앤엠(주),멜로/로맨스,6834,0,0,12,14,3366,385,1956,21742,394,1974,19545,393,1926,28714,15세 관람가,4687,738,0,2
94,나의 절친 악당들,20150625,133553,이십세기폭스코리아(주),범죄,5834,25,0,17,27,3776,384,1596,26887,375,1496,20823,364,1210,24062,청소년 관람불가,1791,530,0,2
95,퇴마: 무녀굴,20150820,120802,씨네그루(주)다우기술,공포(호러),4891,5,0,8,20,4043,331,981,21790,327,951,19020,322,799,24276,15세 관람가,1993,453,1,2
96,돌연변이,20151022,100523,필라멘트픽쳐스,드라마,14361,0,0,8,26,4742,365,1089,10379,378,1083,13223,393,1020,26989,12세 관람가,8894,1335,0,3
97,쓰리 썸머 나잇,20150715,77621,"(주)리틀빅픽쳐스,(주)인벤트스톤",코미디,4146,8,0,8,16,3243,297,945,12378,294,874,10407,295,835,11365,청소년 관람불가,2529,890,1,2
98,미안해 사랑해 고마워,20151028,51207,(주)쇼박스,드라마,3672,1,0,9,14,3985,333,935,6142,344,972,7072,341,931,5883,15세 관람가,1682,267,0,3
99,비밀,20151015,50196,CGV아트하우스,미스터리,337082,0,0,3,12,1959,305,791,7539,300,776,8950,302,716,10422,15세 관람가,2057,245,0,3
100,약장수,20150423,44214,"(주)대명문화공장,(주)나이너스엔터테인먼트",드라마,3157,1,0,6,14,3203,278,632,4006,282,666,4733,272,585,7468,15세 관람가,1262,267,0,1
101,타투,20151210,12102,와이드 릴리즈(주),스릴러,5260,1,0,1,2,517,81,163,1620,133,208,1889,132,190,2406,청소년 관람불가,2224,371,0,4
102,검은손,20150416,11650,(주)스톰픽쳐스코리아,공포(호러),10926,0,0,1,1,326,178,428,2126,174,430,1803,171,401,2176,청소년 관람불가,372,145,0,1
103,부산행,20160720,11565479,(주)넥스트엔터테인먼트월드(NEW),액션,38862,21,2,431,2698,565286,1571,8831,872673,1613,9092,663365,1667,9501,738823,15세 관람가,62952,8779,1,2
104,검사외전,20160203,9707581,(주)쇼박스,범죄,17261,0,1,20,48,13008,1268,6782,526680,1418,7359,466676,1459,7809,610145,15세 관람가,46891,2492,1,4
105,밀정,20160907,7500420,워너브러더스 코리아(주),액션,22277,37,4,24,93,18533,1221,5479,287228,1246,5635,260642,1333,6100,337358,15세 관람가,13996,1463,0,3
106,터널,20160810,7120508,(주)쇼박스,드라마,40254,18,0,24,80,20854,820,3900,379079,854,3962,360239,919,4268,408520,12세 관람가,14152,1854,1,2
107,인천상륙작전,20160727,7049643,씨제이이앤엠(주),전쟁,22250,8,2,32,76,12711,901,4702,464460,904,4803,354500,942,5032,405477,12세 관람가,35317,4399,1,2
108,럭키,20161013,6975290,(주)쇼박스,코미디,17297,1,1,345,1388,146036,889,4520,214065,956,4832,315620,1080,5784,632885,15세 관람가,15767,1233,0,3
109,곡성,20160512,6879908,이십세기폭스코리아(주),미스터리,27560,52,2,895,2176,176514,1125,4815,310042,1252,5169,409661,1471,6360,761360,15세 관람가,15570,2644,0,1
110,덕혜옹주,20160803,5599229,롯데쇼핑㈜롯데엔터테인먼트,사극,17599,25,1,24,90,14943,774,3458,267112,771,3320,254034,827,3422,282765,12세 관람가,20348,2180,1,2
111,마스터,20161221,4935320,씨제이이앤엠(주),액션,53757,3,2,35,129,23444,1448,6617,392856,1441,6615,347324,1450,7026,417071,15세 관람가,18671,2331,0,4
112,판도라,20161207,4313864,(주)넥스트엔터테인먼트월드(NEW),드라마,15983,4,0,28,78,18372,1029,4777,154652,1074,4741,164931,1086,4919,210438,12세 관람가,8338,1519,0,4
113,아가씨,20160601,4287839,씨제이이앤엠(주),스릴러,47445,91,0,30,55,10768,1016,4701,290024,1069,4824,259971,1122,5104,312873,청소년 관람불가,21671,3963,0,2
114,귀향,20160224,3587173,(주)와우픽쳐스,드라마,15354,7,0,4,15,3772,205,363,1570,197,351,1502,207,340,1919,15세 관람가,1736,136,1,4
115,형,20161123,2979659,씨제이이앤엠(주),코미디,163306,2,0,46,99,20515,744,2150,75882,933,4672,136871,922,4869,164294,12세 관람가,25600,1151,0,3
116,아수라,20160928,2594028,씨제이이앤엠(주),범죄,23131,15,0,44,122,24846,1262,5731,475482,1190,5802,233804,1242,6082,241877,청소년 관람불가,28898,4276,0,3
117,굿바이 싱글,20160629,2108273,(주)쇼박스,코미디,8531,2,0,56,153,31562,661,2994,122543,676,3106,101930,704,3286,130409,15세 관람가,6176,668,0,2
118,봉이 김선달,20160706,2051277,씨제이이앤엠(주),사극,6222,3,0,15,66,12393,747,3393,136701,760,3403,120196,816,3587,155593,12세 관람가,20055,1217,1,2
119,탐정 홍길동: 사라진 마을,20160504,1430885,씨제이이앤엠(주),드라마,4705,6,1,24,53,9080,669,2939,82893,688,2769,192319,718,2945,188592,15세 관람가,6179,660,0,1
120,특별수사: 사형수의 편지,20160616,1241899,(주)넥스트엔터테인먼트월드(NEW),범죄,5017,0,0,35,186,32749,675,3141,75630,691,3203,92658,666,2981,173050,15세 관람가,3052,383,0,2
121,시간이탈자,20160413,1202384,씨제이이앤엠(주),스릴러,7319,8,0,37,70,12265,673,3304,155917,646,3178,42433,681,3362,63886,15세 관람가,7164,738,0,1
122,동주,20160217,1172641,메가박스중앙(주)플러스엠,드라마,20580,97,8,7,24,5398,374,1084,19124,384,1122,26875,403,1168,36130,12세 관람가,8002,520,1,4
123,미씽: 사라진 여자,20161130,1153109,메가박스중앙(주)플러스엠,미스터리,7435,4,0,17,42,6642,633,2903,139198,657,3061,89975,717,3350,113814,15세 관람가,4785,560,0,3
124,"당신, 거기 있어줄래요",20161214,1124815,롯데쇼핑㈜롯데엔터테인먼트,판타지,6878,2,0,43,100,18045,756,3559,92278,764,3613,93085,767,3707,104379,12세 관람가,8363,874,0,4
125,오빠생각,20160121,1069864,(주)넥스트엔터테인먼트월드(NEW),드라마,39124,3,2,83,167,24951,841,4150,78467,851,4163,84019,855,4121,168534,12세 관람가,8257,1092,1,4
126,"날, 보러와요",20160407,1063442,메가박스중앙(주)플러스엠,미스터리,10263,0,0,5,18,4541,424,2067,42192,510,2354,54666,668,2996,112368,청소년 관람불가,4353,392,0,1
127,"고산자, 대동여지도",20160907,974262,씨제이이앤엠(주),사극,6543,44,1,39,92,20623,764,3137,29603,765,3137,31027,756,3142,40824,전체 관람가,3583,625,0,3
128,좋아해줘,20160217,848148,씨제이이앤엠(주),멜로/로맨스,12343,1,0,19,54,11969,614,2540,73132,618,2577,71574,620,2613,76361,12세 관람가,11032,1081,1,4
129,스플릿,20161109,758195,오퍼스픽쳐스,드라마,4978,0,0,47,103,20583,563,2551,33686,615,2639,48354,615,2765,71942,15세 관람가,1700,237,0,3
130,국가대표 2,20160810,709929,메가박스중앙(주)플러스엠,드라마,34983,0,0,29,173,28848,562,2516,61508,551,2326,53531,541,2169,59772,12세 관람가,7290,1289,1,2
131,그날의 분위기,20160114,653287,(주)쇼박스,멜로/로맨스,17341,0,0,10,33,7519,592,2854,67607,575,2799,68328,586,2645,111188,15세 관람가,8071,1256,1,4
132,사냥,20160629,645922,롯데쇼핑㈜롯데엔터테인먼트,액션,50370,0,0,10,20,5535,696,3574,161021,665,3614,68190,691,3659,70271,15세 관람가,5209,816,0,2
133,널 기다리며,20160310,635235,(주)넥스트엔터테인먼트월드(NEW),스릴러,4296,1,0,8,16,3662,463,2292,41956,470,2366,53965,543,2507,106137,청소년 관람불가,3993,397,0,1
134,가려진 시간,20161116,510878,(주)쇼박스,드라마,9517,3,0,215,362,19152,884,4004,71077,872,3738,60105,823,3523,52002,12세 관람가,12208,1071,0,3
135,해어화,20160413,485695,롯데쇼핑㈜롯데엔터테인먼트,사극,9053,7,0,19,42,7841,557,2525,74087,546,2428,27923,556,2536,28624,15세 관람가,9015,8285,0,1
136,계춘할망,20160519,482516,(주)콘텐츠 난다긴다,가족,6959,1,0,25,102,15115,483,1813,28793,515,1848,39794,526,1649,66163,15세 관람가,6385,658,0,1
137,"로봇, 소리",20160127,476665,롯데쇼핑㈜롯데엔터테인먼트,드라마,12118,4,0,147,548,36250,601,2607,52321,609,2568,30475,573,2488,33754,12세 관람가,5859,777,1,4
138,위대한 소원,20160421,308398,(주)넥스트엔터테인먼트월드(NEW),코미디,3418,0,0,445,1433,25610,521,2767,32598,524,2798,35538,524,2833,58643,15세 관람가,3408,436,0,1
139,혼숨,20161026,288016,(주)프레인글로벌,공포(호러),584,0,0,3,7,1450,421,943,32837,440,1023,23136,456,1106,29867,15세 관람가,4178,477,0,3
140,비밀은 없다,20160623,250829,씨제이이앤엠(주),스릴러,46745,16,0,9,22,3067,463,2334,53485,474,2323,44302,502,2083,51512,청소년 관람불가,3971,749,0,2
141,순정,20160224,240484,(주)리틀빅픽쳐스,드라마,43766,0,0,22,124,24445,467,1702,56244,435,1466,22480,439,1421,19805,12세 관람가,31698,2517,1,4
142,남과 여,20160225,203775,(주)쇼박스,멜로/로맨스,8609,8,0,14,29,7640,424,1504,27887,449,1464,27744,440,1193,33759,청소년 관람불가,10545,1234,1,4
143,대배우,20160330,169984,"(주)대명문화공장,(주)리틀빅픽쳐스",코미디,8264,1,0,11,18,4057,466,1993,26847,462,2092,19465,469,1992,18851,12세 관람가,2352,291,0,1
144,무서운 이야기 3 : 화성에서 온 소녀,20160601,97804,롯데쇼핑㈜롯데엔터테인먼트,공포(호러),2236,0,0,3,9,2389,312,851,11958,305,802,10535,312,815,10674,15세 관람가,1951,696,0,2
145,걷기왕,20161020,95542,CGV아트하우스,드라마,3451,1,0,366,905,10913,437,1687,9130,446,1656,10572,460,1270,16525,12세 관람가,1663,285,0,3
146,엽기적인 그녀 2,20160512,77124,(주)리틀빅픽쳐스,멜로/로맨스,9436,3,0,4,17,2408,380,1082,15373,386,1049,14324,385,808,13498,15세 관람가,9148,17561,0,1
147,번개맨,20160211,69363,씨네그루(주)키다리이엔티,판타지,1231,9,0,5,16,3071,362,774,5192,335,666,4235,393,860,22284,전체 관람가,998,388,1,4
148,올레,20160825,66883,"(주)대명문화공장,(주)리틀빅픽쳐스",드라마,29095,1,0,7,19,2822,338,899,12249,330,853,10609,336,691,13195,15세 관람가,1641,258,1,2
149,두 남자,20161130,60365,씨네그루(주)키다리이엔티,범죄,54356,0,0,11,23,4185,397,1392,13912,375,1268,7456,397,1145,7029,청소년 관람불가,2504,257,0,3
150,목숨 건 연애,20161214,47805,오퍼스픽쳐스,멜로/로맨스,6511,0,0,7,15,3279,378,1099,7489,393,998,7532,382,942,6514,15세 관람가,4556,745,0,4
151,트릭,20160713,38262,"(주)스톰픽쳐스코리아,(주)이수C&E",스릴러,8342,0,0,7,13,1924,390,1321,8589,389,1153,5719,373,916,4608,15세 관람가,1335,345,1,2
152,대결,20160922,32278,"(주)스톰픽쳐스코리아,TCO(주)더콘텐츠온",액션,167636,0,0,4,8,1812,353,1152,5296,366,1113,5371,358,724,5494,15세 관람가,0,0,0,3
153,인천상륙작전 : 익스텐디드 에디션(확장판),20160913,27070,씨제이이앤엠(주),전쟁,349,8,2,3,4,549,81,161,1130,122,197,3589,119,178,6074,15세 관람가,39,11,0,3
154,히야,20160310,21687,(주)라이크 콘텐츠,드라마,1749,1,0,5,7,1507,124,225,2034,124,224,3153,124,219,5634,12세 관람가,11575,328,0,1
155,무수단,20160303,15882,오퍼스픽쳐스,미스터리,3330,0,0,5,8,1496,227,441,2179,227,437,2469,228,375,3862,15세 관람가,1271,631,0,1
156,택시운전사,20170802,12186327,(주)쇼박스,드라마,30684,45,2,83,477,86713,1446,7068,698088,1553,7293,651779,1677,7850,707113,15세 관람가,45603,4812,1,2
157,신과함께-죄와 벌,20171220,8539495,롯데쇼핑㈜롯데엔터테인먼트,판타지,18519,38,8,34,62,16199,1538,6818,406365,1582,6955,401449,1653,7458,497810,12세 관람가,57194,7734,0,4
158,공조,20170118,7817618,씨제이이앤엠(주),액션,33457,3,2,24,92,14606,900,4126,151845,918,4157,141569,938,4217,160116,15세 관람가,9879,1277,1,4
159,범죄도시,20171003,6879841,"메가박스중앙(주)플러스엠,(주)키위미디어그룹",범죄,35216,6,1,35,156,30408,600,2395,164399,687,2464,206458,871,2966,277219,청소년 관람불가,7567,1129,0,3
160,군함도,20170726,6592151,씨제이이앤엠(주),액션,27214,47,6,34,98,21629,2027,10182,972161,1962,10219,559467,1989,10514,582364,15세 관람가,97770,8642,1,2
161,청년경찰,20170809,5653270,롯데쇼핑㈜롯데엔터테인먼트,액션,24506,3,1,26,192,36656,1102,5954,308298,1065,5700,277400,1046,5598,304102,15세 관람가,16419,2025,1,2
162,더 킹,20170118,5317693,(주)넥스트엔터테인먼트월드(NEW),범죄,26041,30,2,26,72,14012,1125,5364,288966,1147,5395,238039,1188,5615,261528,15세 관람가,17679,2089,1,4
163,꾼,20171122,4018035,(주)쇼박스,범죄,14127,0,0,49,189,38739,1195,6295,213172,1210,6393,224945,1253,6666,263452,15세 관람가,6730,1063,0,3
164,강철비,20171214,4014293,(주)넥스트엔터테인먼트월드(NEW),액션,11193,28,1,41,99,16112,1259,5247,236952,1276,5455,288951,1419,6102,539301,15세 관람가,5965,1474,0,4
165,남한산성,20171003,3849087,씨제이이앤엠(주),사극,15819,27,2,40,155,28918,1125,5284,444585,1165,5390,552722,1205,5528,599797,15세 관람가,8809,2005,0,3
166,아이 캔 스피크,20170921,3279296,"롯데쇼핑㈜롯데엔터테인먼트,(주)리틀빅픽쳐스",코미디,9984,25,0,37,162,31512,1004,5100,87136,1026,5342,121355,1140,6123,242986,12세 관람가,6377,467,0,3
167,프리즌,20170323,2931897,(주)쇼박스,범죄,9416,3,0,871,2563,108154,909,4234,168336,942,4453,194224,1047,4889,403084,청소년 관람불가,8022,780,0,1
168,살인자의 기억법,20170906,2658589,(주)쇼박스,범죄,9052,10,0,7,17,4720,884,4340,143580,942,4421,143225,989,4724,187986,15세 관람가,9811,2314,0,3
169,보안관,20170503,2588628,롯데쇼핑㈜롯데엔터테인먼트,범죄,11809,0,0,31,123,22154,669,2682,206706,758,2864,193863,878,3062,281401,15세 관람가,2752,461,0,1
170,조작된 도시,20170209,2515501,씨제이이앤엠(주),범죄,12437,7,1,34,98,18203,771,3503,157669,825,3784,186738,1006,4495,353192,15세 관람가,12267,1158,1,4
171,재심,20170215,2421197,"오퍼스픽쳐스,CGV아트하우스",드라마,12295,0,0,15,63,13133,727,3577,121122,789,3664,133292,831,3920,158861,15세 관람가,6797,576,1,4
172,박열,20170628,2359206,메가박스중앙(주)플러스엠,드라마,13843,97,8,29,119,19175,917,4191,201987,995,4495,141299,1066,4954,174136,12세 관람가,7265,912,0,2
173,1987,20171227,1942077,씨제이이앤엠(주),드라마,60507,31,1,45,170,35331,1299,6074,331736,1233,5645,221304,1170,5519,306562,15세 관람가,13877,2453,0,4
174,노무현입니다,20170525,1855149,"CGV아트하우스,영화사 풀",다큐멘터리,33807,0,0,25,50,7328,580,2743,78816,659,3017,94985,775,3578,205704,12세 관람가,45099,3322,0,1
175,임금님의 사건수첩,20170426,1635003,씨제이이앤엠(주),코미디,4539,1,0,25,94,16380,934,4670,108463,966,4822,79824,979,4919,99361,12세 관람가,3320,455,0,1
176,부라더,20171102,1492903,메가박스중앙(주)플러스엠,코미디,5655,0,0,30,130,24942,712,3426,100941,759,3632,130102,884,4183,249687,12세 관람가,3484,487,0,3
177,기억의 밤,20171129,1386611,"메가박스중앙(주)플러스엠,주식회사 키위컴퍼니",미스터리,47648,2,0,23,42,7136,704,3266,97245,714,3291,69328,728,3369,89649,15세 관람가,5028,594,0,3
178,브이아이피,20170823,1373316,워너브러더스 코리아(주),범죄,6476,11,0,28,39,7480,851,3587,174011,897,3857,160139,958,4095,146348,청소년 관람불가,8614,1102,1,2
179,특별시민,20170426,1362634,(주)쇼박스,드라마,53910,0,0,21,57,8631,1154,5445,186007,1132,5565,110872,1150,5597,134485,15세 관람가,4647,779,0,1
180,장산범,20170817,1306438,(주)넥스트엔터테인먼트월드(NEW),미스터리,4351,2,1,19,49,10307,621,2755,121834,655,2771,125554,711,2731,202956,15세 관람가,7814,1310,1,2
181,악녀,20170608,1208081,(주)넥스트엔터테인먼트월드(NEW),액션,20383,10,0,9,18,4413,563,2506,73305,590,2595,80452,671,2724,149219,청소년 관람불가,3562,905,0,2
182,해빙,20170301,1204600,롯데쇼핑㈜롯데엔터테인먼트,스릴러,6742,2,0,5,9,3024,828,3969,386128,802,3755,87354,850,3969,91277,15세 관람가,8972,1012,0,1
183,하루,20170615,1129609,CGV아트하우스,스릴러,371130,1,0,8,36,7124,672,3672,77978,707,3798,101803,769,4192,199548,15세 관람가,2233,287,0,2
184,불한당: 나쁜 놈들의 세상,20170517,939535,씨제이이앤엠(주),범죄,7822,10,0,41,206,26263,800,3800,95271,813,3776,91667,828,3888,87670,청소년 관람불가,3041,822,0,1
185,대립군,20170531,837500,이십세기폭스코리아(주),드라마,7200,18,1,28,62,10744,809,3532,136240,776,3447,73171,786,3419,85851,15세 관람가,2929,581,0,1
186,아빠는 딸,20170412,647305,메가박스중앙(주)플러스엠,코미디,53393,0,0,10,33,7428,460,2092,33396,464,2131,31745,478,2170,44942,12세 관람가,5211,513,0,1
187,침묵,20171102,494097,씨제이이앤엠(주),드라마,37609,19,0,18,43,6332,612,2581,57510,630,2661,60910,634,2633,93390,15세 관람가,5381,606,0,3
188,리얼,20170628,470105,씨제이이앤엠(주),액션,183843,0,0,7,18,3891,970,4097,146965,918,3805,57733,859,3469,46591,청소년 관람불가,25803,9210,0,2
189,반드시 잡는다,20171129,446780,(주)넥스트엔터테인먼트월드(NEW),스릴러,3555,1,0,14,31,7267,557,2591,59907,554,2489,37426,565,2452,38542,15세 관람가,2344,497,0,3
190,원라인,20170329,435048,(주)넥스트엔터테인먼트월드(NEW),범죄,6101,1,0,23,44,9888,613,2376,53333,594,2309,30533,589,2228,41698,15세 관람가,3962,460,0,1
191,보통사람,20170323,383336,오퍼스픽쳐스,드라마,22056,1,0,16,40,6396,621,2604,35583,620,2617,43460,619,2402,86992,15세 관람가,2459,363,0,1
192,대장 김창수,20171019,381483,"씨네그루(주)키다리이엔티,주식회사 키위컴퍼니",드라마,4814,0,0,43,95,14275,734,3091,44469,748,3010,51214,667,2851,78068,12세 관람가,3259,744,0,3
193,석조저택 살인사건,20170509,353517,씨네그루(주)키다리이엔티,스릴러,3955,4,0,10,26,5540,493,1921,84068,460,1952,25466,460,1921,26492,15세 관람가,1987,343,0,1
194,싱글라이더,20170222,351276,워너브러더스 코리아(주),드라마,7476,0,0,25,43,5453,554,2402,65584,531,2275,35835,546,2219,39873,15세 관람가,3838,916,1,4
195,7호실,20171115,347790,롯데쇼핑㈜롯데엔터테인먼트,코미디,4710,5,0,29,49,6379,629,2762,55985,599,2792,52005,562,2605,38467,15세 관람가,12977,538,0,3
196,희생부활자,20171012,323628,(주)쇼박스,미스터리,3057,15,0,9,9,2895,781,3808,49100,770,3575,53819,676,3070,74141,15세 관람가,5472,660,0,3
197,미옥,20171109,238587,씨네그루(주)키다리이엔티,범죄,3624,1,0,5,13,2623,625,3110,50553,635,3109,40934,609,2931,55584,청소년 관람불가,3455,439,0,3
198,어느날,20170405,234829,"오퍼스픽쳐스,CGV아트하우스",멜로/로맨스,167548,9,0,12,28,5208,457,1933,24326,485,1885,23785,480,1947,27619,15세 관람가,3837,1139,0,1
199,채비,20171109,177428,오퍼스픽쳐스,드라마,8711,0,0,6,25,5187,452,1149,13267,462,1143,12780,469,1072,22888,12세 관람가,2895,236,0,3
200,비정규직 특수요원,20170316,149719,"(주)이수C&E,(주)스톰픽쳐스코리아",코미디,6094,0,0,11,17,3559,448,1763,21892,467,1747,20211,493,1550,35653,15세 관람가,2648,866,0,1
201,로마의 휴일,20170830,134827,메가박스중앙(주)플러스엠,코미디,6480,0,0,12,45,11008,416,1792,24402,399,1732,14432,403,1594,14784,15세 관람가,1583,670,1,2
202,시간위의 집,20170405,128975,"(주)리틀빅픽쳐스,(주)페퍼민트앤컴퍼니",미스터리,3039,0,0,35,77,6086,407,1657,15518,410,1525,14459,422,1483,16466,15세 관람가,1987,396,0,1
203,루시드 드림,20170222,102170,(주)넥스트엔터테인먼트월드(NEW),SF,4999,1,0,14,39,6135,461,1738,26333,459,1548,13396,460,1360,12099,15세 관람가,5696,2034,1,4
204,"그래, 가족",20170215,46623,월트디즈니컴퍼니코리아 유한책임회사,코미디,12899,0,0,10,11,2798,353,940,8010,361,884,7301,347,799,6092,12세 관람가,2746,170,1,4
205,역모-반란의 시대,20171123,30116,(주)스톰픽쳐스코리아,사극,2810,0,0,5,14,2314,349,777,5727,355,763,5001,336,617,4340,15세 관람가,1436,301,0,3
206,이웃집 스타,20170921,10854,(주)스톰픽쳐스코리아,코미디,6325,0,0,5,8,1704,256,470,1894,240,423,1284,239,372,2003,12세 관람가,1041,107,0,3
207,구세주: 리턴즈,20170914,6151,(주)박수엔터테인먼트,코미디,1071,0,0,2,4,1176,124,200,793,116,194,643,116,170,740,15세 관람가,327,167,0,3
208,신과함께-인과 연,20180801,12274353,롯데컬처웍스(주)롯데엔터테인먼트,판타지,15760,38,8,42,99,21749,1967,9825,1246603,2054,10079,1078012,2126,10543,1078478,12세 관람가,5023,350,1,2
209,안시성,20180919,5438066,(주)넥스트엔터테인먼트월드(NEW),사극,15363,2,2,31,123,25250,1121,4772,122859,1172,4795,133051,1175,5107,211699,12세 관람가,2468,489,0,3
210,완벽한 타인,20181031,5194618,롯데컬처웍스(주)롯데엔터테인먼트,드라마,12795,0,2,136,590,47110,1081,4950,274118,1048,5005,170213,1122,5440,248122,15세 관람가,608,92,0,3
211,독전,20180522,5063620,(주)넥스트엔터테인먼트월드(NEW),범죄,13460,13,3,12,36,7117,1063,5133,376530,1071,5241,161146,1078,5100,158565,15세 관람가,2703,174,0,1
212,공작,20180808,4974463,씨제이이앤엠(주),드라마,39433,24,0,27,62,15097,934,3835,333316,1103,4329,293161,1204,4864,319083,12세 관람가,2437,263,1,2
213,암수살인,20181003,3789222,(주)쇼박스,범죄,8764,0,0,25,111,20512,957,4925,439309,942,4903,156928,1018,5215,216771,15세 관람가,1474,383,0,3
214,마녀,20180627,3189091,워너브러더스 코리아(주),미스터리,41221,11,0,10,32,7836,880,3793,121990,864,3980,94414,921,4213,136113,15세 관람가,275,45,0,2
215,탐정: 리턴즈,20180613,3152873,씨제이이앤엠(주),코미디,5997,4,0,25,94,15947,971,4887,235184,967,4809,92253,947,4879,127030,15세 관람가,760,76,0,2
216,너의 결혼식,20180822,2820685,메가박스중앙(주)플러스엠,멜로/로맨스,11237,0,0,21,145,31020,736,3456,99411,778,3389,76677,849,3737,143132,12세 관람가,2034,105,1,2
217,곤지암,20180328,2675575,(주)쇼박스,공포(호러),6632,5,0,153,623,68083,808,3501,198365,849,3713,117945,954,4237,185811,15세 관람가,744,340,0,1
218,지금 만나러 갑니다,20180314,2602273,롯데쇼핑㈜롯데엔터테인먼트,멜로/로맨스,9915,0,0,35,130,22580,990,4276,89772,1020,4317,85399,1051,4579,125650,12세 관람가,2078,190,0,1
219,목격자,20180815,2524634,(주)넥스트엔터테인먼트월드(NEW),스릴러,26130,0,0,37,122,24080,808,3539,368981,808,3605,161783,868,3868,177251,15세 관람가,583,74,1,2
220,조선명탐정: 흡혈괴마의 비밀,20180208,2444145,(주)쇼박스,사극,5073,1,0,72,202,35646,1140,5972,142796,1183,6140,155170,1249,6608,327600,12세 관람가,3955,259,1,4
221,국가부도의 날,20181128,2222059,씨제이이앤엠(주),드라마,7876,0,0,22,111,19208,1180,5726,301330,1133,5709,181581,1156,5964,242516,12세 관람가,1172,275,0,3
222,명당,20180919,2086418,메가박스중앙(주)플러스엠,사극,14134,0,0,21,64,11099,1069,4440,108903,1046,4362,90103,1043,4588,114575,12세 관람가,1758,112,0,3
223,협상,20180919,1967149,씨제이이앤엠(주),범죄,50670,0,0,50,125,24577,898,3889,81031,883,3746,67737,868,3794,99740,15세 관람가,946,169,0,3
224,창궐,20181025,1599290,(주)넥스트엔터테인먼트월드(NEW),사극,11646,3,2,20,61,11370,1283,6237,156629,1304,6399,204987,1351,6908,340570,15세 관람가,1631,238,0,3
225,성난황소,20181122,1540004,(주)쇼박스,범죄,5825,0,0,311,1151,84548,978,4455,135764,987,4558,151350,1006,4676,282197,15세 관람가,476,115,0,3
226,리틀 포레스트,20180228,1505997,메가박스중앙(주)플러스엠,드라마,11447,15,0,35,84,15598,831,4188,131350,884,4274,167097,830,4101,78782,전체 관람가,5613,276,1,4
227,골든슬럼버,20180214,1387508,씨제이이앤엠(주),범죄,6084,0,0,23,48,8685,762,3653,161564,822,3626,183922,815,3512,223269,15세 관람가,4790,584,1,4
228,궁합,20180228,1340117,씨제이이앤엠(주),코미디,23869,0,0,7,20,4602,855,4103,175057,876,4228,254670,884,4283,103101,12세 관람가,5828,572,1,4
229,사라진 밤,20180307,1315726,씨네그루(주)키다리이엔티,스릴러,10544,0,0,33,52,8223,697,3386,57161,608,2996,65087,683,3207,91236,15세 관람가,397,58,0,1
230,바람 바람 바람,20180405,1194229,(주)넥스트엔터테인먼트월드(NEW),코미디,6165,2,0,38,101,17430,792,3677,95534,955,4105,135974,985,4843,206378,청소년 관람불가,774,97,0,1
231,챔피언,20180501,1128774,워너브러더스 코리아(주),드라마,29365,1,0,11,14,3455,795,3892,139965,816,3921,62830,815,3697,54305,12세 관람가,726,101,0,1
232,염력,20180131,990111,(주)넥스트엔터테인먼트월드(NEW),드라마,7902,18,2,8,31,8581,1099,6347,264711,1053,5998,101924,1051,5717,103337,15세 관람가,4301,1096,1,4
233,인랑,20180725,898945,워너브러더스 코리아(주),SF,10195,37,4,69,96,19666,1085,4503,274510,1029,4270,101715,977,3838,88857,15세 관람가,2941,948,1,2
234,레슬러,20180509,771141,롯데쇼핑㈜롯데엔터테인먼트,드라마,8150,0,0,156,595,53608,878,4613,63660,881,4442,53923,902,4614,69096,15세 관람가,523,162,0,1
235,상류사회,20180829,768249,롯데컬처웍스(주)롯데엔터테인먼트,드라마,11005,0,0,6,15,3288,867,3691,131795,820,3590,82912,841,3634,89069,청소년 관람불가,364,467,1,2
236,물괴,20180912,723951,"롯데컬처웍스(주)롯데엔터테인먼트,씨네그루(주)키다리이엔티",액션,7215,2,0,27,52,7437,1183,6519,105255,1151,6385,79106,1163,6409,93286,15세 관람가,1274,245,0,3
237,미쓰백,20181011,722004,(주)리틀빅픽쳐스,드라마,7084,1,0,8,59,10432,547,2141,21887,582,2183,34098,624,2190,60163,15세 관람가,690,78,0,3
238,버닝,20180517,528372,CGV아트하우스,미스터리,14642,69,0,9,14,3101,728,2837,54088,739,2776,60958,705,2540,85021,청소년 관람불가,10341,3921,0,1
239,7년의 밤,20180328,528007,씨제이이앤엠(주),스릴러,13150,14,1,19,52,7911,872,3361,124688,836,3275,52833,812,3227,57164,15세 관람가,5888,454,0,1
240,변산,20180704,490519,메가박스중앙(주)플러스엠,드라마,7676,97,8,14,110,18814,763,3298,43149,741,3098,40456,695,2885,45057,15세 관람가,1025,103,1,2
241,동네사람들,20181107,460381,(주)리틀빅픽쳐스,액션,37499,0,0,10,27,4731,666,3131,54297,693,2867,51055,715,2833,53633,15세 관람가,517,88,0,3
242,원더풀 고스트,20180926,450374,"(주)제이앤씨미디어그룹,TCO(주)더콘텐츠온",코미디,3365,0,0,12,33,6318,351,1856,163644,344,1813,35733,349,1796,36922,12세 관람가,946,134,0,3
243,흥부: 글로 세상을 바꾼 자,20180214,416303,롯데쇼핑㈜롯데엔터테인먼트,사극,780,9,0,8,16,3850,557,2359,43694,579,2072,62908,568,1770,80692,12세 관람가,4290,342,1,4
244,도어락,20181205,395313,메가박스중앙(주)플러스엠,스릴러,4619,0,0,44,108,20042,854,4323,122978,863,3986,112469,913,4226,139818,15세 관람가,383,68,0,4
245,허스토리,20180627,336100,(주)넥스트엔터테인먼트월드(NEW),드라마,6906,8,0,55,190,32406,696,2617,44340,657,2590,25879,602,2469,25042,12세 관람가,494,49,0,2
246,덕구,20180405,315359,메가박스중앙(주)플러스엠,드라마,2781,0,0,9,49,11763,463,1760,17766,462,1703,20919,509,1486,40590,전체 관람가,446,27,0,1
247,번 더 스테이지: 더 무비,20181115,315014,월트디즈니컴퍼니코리아 유한책임회사,기타,1036,0,0,,,,243,698,76800,185,561,41901,200,533,61237,전체 관람가,1765,56,0,3
248,치즈인더트랩,20180314,229005,(주)리틀빅픽쳐스,멜로/로맨스,16072,0,0,43,52,6155,346,1636,32805,338,1526,16640,350,1559,23166,15세 관람가,3832,279,0,1
249,속닥속닥,20180713,217444,(주)그노스,공포(호러),2522,0,0,7,11,2542,266,1216,56855,314,1330,61369,298,1284,43373,15세 관람가,272,35,1,2
250,나를 기억해,20180419,141222,씨네그루(주)키다리이엔티,미스터리,132994,0,0,2,5,833,484,2267,18797,514,2374,22593,545,2370,33511,청소년 관람불가,555,104,0,1
251,독전: 익스텐디드 컷,20180718,137871,(주)넥스트엔터테인먼트월드(NEW),범죄,416,13,3,,,,251,471,19998,303,592,14829,347,750,18465,15세 관람가,2703,174,1,2
252,게이트,20180228,101381,(주)제이앤씨미디어그룹,범죄,27412,0,0,5,9,1890,179,528,13723,208,554,19761,203,545,8289,15세 관람가,371,121,1,4
253,여중생A,20180620,97850,롯데컬처웍스(주)롯데엔터테인먼트,드라마,4849,0,0,18,34,5877,479,1730,11085,455,1321,5871,447,1308,7804,12세 관람가,2820,337,0,2
254,여곡성,20181108,67368,(주)스마일이엔티,공포(호러),3475,0,0,3,7,1586,191,901,11477,196,830,12119,212,681,16151,15세 관람가,391,93,0,3
255,번개맨과 신비의 섬,20180405,60561,"힘컨텐츠(주),(주)디스테이션",가족,69,0,0,3,3,638,114,137,2357,120,146,1602,182,407,16093,전체 관람가,57,8,0,1
256,머니백,20180412,53610,(주)리틀빅픽쳐스,액션,2180,0,0,14,27,5079,472,1285,7666,463,1175,8000,463,932,12015,15세 관람가,262,50,0,1
257,데자뷰,20180530,48279,씨네그루(주)키다리이엔티,미스터리,4593,0,0,6,9,1665,536,1759,15214,475,1515,6138,465,1239,5872,15세 관람가,159,42,0,1
258,비밥바룰라,20180124,47565,씨네그루(주)키다리이엔티,코미디,1795,0,0,9,12,1976,347,647,8922,347,648,6087,325,560,5399,12세 관람가,1231,77,1,4
259,배반의 장미,20181018,41054,롯데컬처웍스(주)롯데엔터테인먼트,코미디,3616,0,0,5,5,1012,457,1384,9499,446,1235,6437,434,994,7436,15세 관람가,115,46,0,3
260,해피 투게더,20181115,26141,플레이리스트(주),드라마,34161,0,0,8,13,1998,240,373,3191,231,343,1992,225,318,4071,12세 관람가,580,32,0,3
261,번개맨의 비밀,20181206,6315,(주)디스테이션,가족,183,0,0,3,7,1289,204,229,2513,189,205,2513,309,424,14058,전체 관람가,54,8,0,4
